aakar
Abyssinica SIL
Aharoni CLM
AlArabiya
AlBattar
AlHor
AlManzomah
AlYarmook
Amiri
Amiri Quran
Amiri Quran Colored
Andika
Ani,অনি  Dvf
AnjaliOldLipi
Arab
AR PL KaitiM Big5,文鼎ＰＬ中楷
AR PL KaitiM GB,文鼎ＰＬ简中楷
AR PL Mingti2L Big5,文鼎ＰＬ細上海宋
AR PL SungtiL GB,文鼎ＰＬ简报宋
AR PL UKai CN
AR PL UKai HK
AR PL UKai TW
AR PL UKai TW MBE
AR PL UMing CN
AR PL UMing HK
AR PL UMing TW
AR PL UMing TW MBE
Arundina,Arundina Sans
Arundina,Arundina Sans Mono
Arundina,Arundina Serif
Baekmuk Batang,백묵 바탕
Baekmuk Dotum,백묵 돋움
Baekmuk Gulim,백묵 굴림
Baekmuk Headline,백묵 헤드라인
Bitstream Charter
Bitstream Vera Sans
Bitstream Vera Sans Mono
Bitstream Vera Serif
BPG Algeti GPL&GNU
BPG Chveulebrivi GPL&GNU
BPG Courier GPL&GNU
BPG Courier S GPL&GNU
BPG DedaEna Block GPL&GNU
BPG DejaVu Sans 2011 GNU\-GPL
BPG Elite GPL&GNU
BPG Excelsior Caps GPL&GNU
BPG Excelsior Condencerd GPL&GNU
BPG Excelsior GPL&GNU
BPG Glaho GPL&GNU
BPG Gorda GPL&GNU
BPG Ingiri GPL&GNU
BPG Mrgvlovani Caps GNU&GPL
BPG Mrgvlovani GPL&GNU
BPG Nateli Caps GPL&GNU
BPG Nateli Condenced GPL&GNU
BPG Nateli GPL&GNU
BPG Nino Medium Cond GPL&GNU
BPG Nino Medium GPL&GNU
BPG Sans GPL&GNU
BPG Sans Medium GPL&GNU
BPG Sans Modern GPL&GNU
BPG Sans Regular GPL&GNU
BPG Serif GPL&GNU
BPG Serif Modern GPL&GNU
Caladea
Caladings CLM
Carlito
Century Schoolbook L
Chandas
Chilanka
Cortoba
Courier
Courier 10 Pitch
David CLM
DejaVu Math TeX Gyre
DejaVu Sans
DejaVu Sans,DejaVu Sans Condensed
DejaVu Sans,DejaVu Sans Light
DejaVu Sans Mono
DejaVu Serif
DejaVu Serif,DejaVu Serif Condensed
Dimnah
Dingbats
Droid Sans Fallback
Drugulin CLM
Dyuthi
Electron
Ellinia CLM
Frank Ruehl CLM
Free Avant Garde
Free Bookman
Free Chancery
Free Courier
Free Helvetian
Free Helvetian Condensed
FreeMono
Free Paladin
FreeSans
Free Schoolbook
FreeSerif
Free Times
Furat
Gargi,गार्गी
Garuda
Gentium
GentiumAlt
Gentium Basic
Gentium Book Basic
GFS Baskerville
GFS Porson
Granada
Graph
Hadasim CLM
Hani
Haramain
Homa
Hor
IPAexGothic,IPAexゴシック
IPAexMincho,IPAex明朝
IPAGothic,IPAゴシック
IPAMincho,IPA明朝
IPAPGothic,IPA Pゴシック
IPAPMincho,IPA P明朝
Jamrul
Japan
Jet
Jomolhari
KacstArt
KacstBook
KacstDecorative
KacstDigital
KacstFarsi
KacstLetter
KacstNaskh
KacstOffice
KacstOne
KacstPen
KacstPoster
KacstQurn
KacstScreen
KacstTitle
KacstTitleL
Kalapi
Kalimati,नालिमाटी
Karumbi
Kayrawan
Keraleeyam
Keter YG
Khalid
Khmer OS
Khmer OS Battambang
Khmer OS Bokor
Khmer OS Content
Khmer OS Fasthand
Khmer OS Freehand
Khmer OS Metal Chrieng
Khmer OS Muol
Khmer OS Muol Light
Khmer OS Muol Pali
Khmer OS Siemreap
Khmer OS System
Kinnari
Laksaman
Latin Modern Math
Latin Modern Mono Caps,LM Mono Caps 10
Latin Modern Mono Light Cond,LM Mono Light Cond 10
Latin Modern Mono Light,LM Mono Light 10
Latin Modern Mono,LM Mono 10
Latin Modern Mono,LM Mono 12
Latin Modern Mono,LM Mono 8
Latin Modern Mono,LM Mono 9
Latin Modern Mono Prop Light,LM Mono Prop Light 10
Latin Modern Mono Prop,LM Mono Prop 10
Latin Modern Mono Slanted,LM Mono Slanted 10
Latin Modern Roman Caps,LM Roman Caps 10
Latin Modern Roman Demi,LM Roman Demi 10
Latin Modern Roman Dunhill,LM Roman Dunhill 10
Latin Modern Roman,LM Roman 10
Latin Modern Roman,LM Roman 12
Latin Modern Roman,LM Roman 17
Latin Modern Roman,LM Roman 5
Latin Modern Roman,LM Roman 6
Latin Modern Roman,LM Roman 7
Latin Modern Roman,LM Roman 8
Latin Modern Roman,LM Roman 9
Latin Modern Roman Slanted,LM Roman Slanted 10
Latin Modern Roman Slanted,LM Roman Slanted 12
Latin Modern Roman Slanted,LM Roman Slanted 17
Latin Modern Roman Slanted,LM Roman Slanted 8
Latin Modern Roman Slanted,LM Roman Slanted 9
Latin Modern Roman Unslanted,LM Roman Unslanted 10
Latin Modern Sans Demi Cond,LM Sans Demi Cond 10
Latin Modern Sans,LM Sans 10
Latin Modern Sans,LM Sans 12
Latin Modern Sans,LM Sans 17
Latin Modern Sans,LM Sans 8
Latin Modern Sans,LM Sans 9
Latin Modern Sans Quotation,LM Sans Quot 8
Lato
Lato,Lato Black
Lato,Lato Hairline
Lato,Lato Heavy
Lato,Lato Light
Lato,Lato Medium
Lato,Lato Semibold
Lato,Lato Thin
Liberation Mono
Liberation Sans
Liberation Sans Narrow
Liberation Serif
Likhan
Linux Biolinum Keyboard O
Linux Biolinum O
Linux Libertine Display O
Linux Libertine Initials O
Linux Libertine Mono O
Linux Libertine O
Lohit Assamese
Lohit Bengali
Lohit Devanagari
Lohit Gujarati
Lohit Gurmukhi
Lohit Kannada
Lohit Malayalam
Lohit Tamil
Lohit Tamil Classical
Lohit Telugu
Loma
Manjari
Manjari,Manjari Thin
Mashq
Mashq,Mashq\-Bold
Meera
Metal
Miriam CLM,מרים
Miriam Mono CLM
Mitra Mono,\\u09ae\\u09bf\\u09a4\\u09cd\\u09b0
mry_KacstQurn
Mukti Narrow,মুক্তি
Mukti Narrow,মুক্তি  পাতনা,Mukti Narrow Bold
Nachlieli CLM
Nada
Nagham
Nakula
NanumBarunGothic,나눔바른고딕
NanumGothic,나눔고딕
NanumGothicCoding,나눔고딕코딩
NanumMyeongjo,나눔명조
NanumSquare,나눔스퀘어
NanumSquare,나눔스퀘어,NanumSquare Bold,나눔스퀘어 Bold
NanumSquareRound,나눔스퀘어라운드,NanumSquareRound Bold,나눔스퀘어라운드 Bold
NanumSquareRound,나눔스퀘어라운드,NanumSquareRound Regular,나눔스퀘어라운드 Regular
Nazli
Nice
Nimbus Mono L
Nimbus Roman No9 L
Nimbus Sans L
Norasi
Noto Color Emoji
Noto Kufi Arabic
Noto Mono
Noto Music
Noto Naskh Arabic
Noto Naskh Arabic UI
Noto Nastaliq Urdu
Noto Sans
Noto Sans Adlam
Noto Sans Adlam Unjoined
Noto Sans Anatolian Hieroglyphs,Noto Sans AnatoHiero
Noto Sans Arabic
Noto Sans Arabic,Noto Sans Arabic Blk
Noto Sans Arabic,Noto Sans Arabic Cond
Noto Sans Arabic,Noto Sans Arabic Cond Blk
Noto Sans Arabic,Noto Sans Arabic Cond ExtBd
Noto Sans Arabic,Noto Sans Arabic Cond ExtLt
Noto Sans Arabic,Noto Sans Arabic Cond Light
Noto Sans Arabic,Noto Sans Arabic Cond Med
Noto Sans Arabic,Noto Sans Arabic Cond SemBd
Noto Sans Arabic,Noto Sans Arabic Cond Thin
Noto Sans Arabic,Noto Sans Arabic ExtBd
Noto Sans Arabic,Noto Sans Arabic ExtCond
Noto Sans Arabic,Noto Sans Arabic ExtCond Blk
Noto Sans Arabic,Noto Sans Arabic ExtCond ExtBd
Noto Sans Arabic,Noto Sans Arabic ExtCond ExtLt
Noto Sans Arabic,Noto Sans Arabic ExtCond Light
Noto Sans Arabic,Noto Sans Arabic ExtCond Med
Noto Sans Arabic,Noto Sans Arabic ExtCond SemBd
Noto Sans Arabic,Noto Sans Arabic ExtCond Thin
Noto Sans Arabic,Noto Sans Arabic ExtLt
Noto Sans Arabic,Noto Sans Arabic Light
Noto Sans Arabic,Noto Sans Arabic Med
Noto Sans Arabic,Noto Sans Arabic SemBd
Noto Sans Arabic,Noto Sans Arabic SemCond
Noto Sans Arabic,Noto Sans Arabic SemCond Blk
Noto Sans Arabic,Noto Sans Arabic SemCond ExtBd
Noto Sans Arabic,Noto Sans Arabic SemCond ExtLt
Noto Sans Arabic,Noto Sans Arabic SemCond Light
Noto Sans Arabic,Noto Sans Arabic SemCond Med
Noto Sans Arabic,Noto Sans Arabic SemCond SemBd
Noto Sans Arabic,Noto Sans Arabic SemCond Thin
Noto Sans Arabic,Noto Sans Arabic Thin
Noto Sans Arabic UI
Noto Sans Arabic UI,Noto Sans Arabic UI Bk
Noto Sans Arabic UI,Noto Sans Arabic UI Cn
Noto Sans Arabic UI,Noto Sans Arabic UI Cn Bk
Noto Sans Arabic UI,Noto Sans Arabic UI Cn Lt
Noto Sans Arabic UI,Noto Sans Arabic UI Cn Md
Noto Sans Arabic UI,Noto Sans Arabic UI Cn SmBd
Noto Sans Arabic UI,Noto Sans Arabic UI Cn Th
Noto Sans Arabic UI,Noto Sans Arabic UI Cn XBd
Noto Sans Arabic UI,Noto Sans Arabic UI Cn XLt
Noto Sans Arabic UI,Noto Sans Arabic UI Lt
Noto Sans Arabic UI,Noto Sans Arabic UI Md
Noto Sans Arabic UI,Noto Sans Arabic UI SmBd
Noto Sans Arabic UI,Noto Sans Arabic UI SmCn
Noto Sans Arabic UI,Noto Sans Arabic UI SmCn Bk
Noto Sans Arabic UI,Noto Sans Arabic UI SmCn Lt
Noto Sans Arabic UI,Noto Sans Arabic UI SmCn Md
Noto Sans Arabic UI,Noto Sans Arabic UI SmCn SmBd
Noto Sans Arabic UI,Noto Sans Arabic UI SmCn Th
Noto Sans Arabic UI,Noto Sans Arabic UI SmCn XBd
Noto Sans Arabic UI,Noto Sans Arabic UI SmCn XLt
Noto Sans Arabic UI,Noto Sans Arabic UI Th
Noto Sans Arabic UI,Noto Sans Arabic UI XBd
Noto Sans Arabic UI,Noto Sans Arabic UI XCn
Noto Sans Arabic UI,Noto Sans Arabic UI XCn Bk
Noto Sans Arabic UI,Noto Sans Arabic UI XCn Lt
Noto Sans Arabic UI,Noto Sans Arabic UI XCn Md
Noto Sans Arabic UI,Noto Sans Arabic UI XCn SmBd
Noto Sans Arabic UI,Noto Sans Arabic UI XCn Th
Noto Sans Arabic UI,Noto Sans Arabic UI XCn XBd
Noto Sans Arabic UI,Noto Sans Arabic UI XCn XLt
Noto Sans Arabic UI,Noto Sans Arabic UI XLt
Noto Sans Armenian
Noto Sans Armenian,Noto Sans Armenian Blk
Noto Sans Armenian,Noto Sans Armenian Cond
Noto Sans Armenian,Noto Sans Armenian Cond Blk
Noto Sans Armenian,Noto Sans Armenian Cond ExtBd
Noto Sans Armenian,Noto Sans Armenian Cond ExtLt
Noto Sans Armenian,Noto Sans Armenian Cond Light
Noto Sans Armenian,Noto Sans Armenian Cond Med
Noto Sans Armenian,Noto Sans Armenian Cond SemBd
Noto Sans Armenian,Noto Sans Armenian Cond Thin
Noto Sans Armenian,Noto Sans Armenian ExtBd
Noto Sans Armenian,Noto Sans Armenian ExtCond
Noto Sans Armenian,Noto Sans Armenian ExtCond Blk
Noto Sans Armenian,Noto Sans Armenian ExtCond ExtBd
Noto Sans Armenian,Noto Sans Armenian ExtCond ExtLt
Noto Sans Armenian,Noto Sans Armenian ExtCond Light
Noto Sans Armenian,Noto Sans Armenian ExtCond Med
Noto Sans Armenian,Noto Sans Armenian ExtCond SemBd
Noto Sans Armenian,Noto Sans Armenian ExtCond Thin
Noto Sans Armenian,Noto Sans Armenian ExtLt
Noto Sans Armenian,Noto Sans Armenian Light
Noto Sans Armenian,Noto Sans Armenian Med
Noto Sans Armenian,Noto Sans Armenian SemBd
Noto Sans Armenian,Noto Sans Armenian SemCond
Noto Sans Armenian,Noto Sans Armenian SemCond Blk
Noto Sans Armenian,Noto Sans Armenian SemCond ExtBd
Noto Sans Armenian,Noto Sans Armenian SemCond ExtLt
Noto Sans Armenian,Noto Sans Armenian SemCond Light
Noto Sans Armenian,Noto Sans Armenian SemCond Med
Noto Sans Armenian,Noto Sans Armenian SemCond SemBd
Noto Sans Armenian,Noto Sans Armenian SemCond Thin
Noto Sans Armenian,Noto Sans Armenian Thin
Noto Sans Avestan
Noto Sans Bamum
Noto Sans Bassa Vah
Noto Sans Batak
Noto Sans Bengali
Noto Sans Bengali,Noto Sans Bengali Blk
Noto Sans Bengali,Noto Sans Bengali Cond
Noto Sans Bengali,Noto Sans Bengali ExtBd
Noto Sans Bengali,Noto Sans Bengali ExtCond
Noto Sans Bengali,Noto Sans Bengali ExtLt
Noto Sans Bengali,Noto Sans Bengali Light
Noto Sans Bengali,Noto Sans Bengali Med
Noto Sans Bengali,Noto Sans Bengali SemBd
Noto Sans Bengali,Noto Sans Bengali SemCond
Noto Sans Bengali,Noto Sans Bengali Thin
Noto Sans Bengali UI
Noto Sans Bengali UI,Noto Sans Bengali Blk
Noto Sans Bengali UI,Noto Sans Bengali Cond
Noto Sans Bengali UI,Noto Sans Bengali ExtBd
Noto Sans Bengali UI,Noto Sans Bengali ExtCond
Noto Sans Bengali UI,Noto Sans Bengali ExtLt
Noto Sans Bengali UI,Noto Sans Bengali Light
Noto Sans Bengali UI,Noto Sans Bengali Med
Noto Sans Bengali UI,Noto Sans Bengali SemBd
Noto Sans Bengali UI,Noto Sans Bengali SemCond
Noto Sans Bengali UI,Noto Sans Bengali Thin
Noto Sans Bhaiksuki
Noto Sans Brahmi
Noto Sans Buginese
Noto Sans Buhid
Noto Sans Canadian Aboriginal,Noto Sans CanAborig
Noto Sans Canadian Aboriginal,Noto Sans CanAborig Bk
Noto Sans Canadian Aboriginal,Noto Sans CanAborig Lt
Noto Sans Canadian Aboriginal,Noto Sans CanAborig Md
Noto Sans Canadian Aboriginal,Noto Sans CanAborig SmBd
Noto Sans Canadian Aboriginal,Noto Sans CanAborig Th
Noto Sans Canadian Aboriginal,Noto Sans CanAborig XBd
Noto Sans Canadian Aboriginal,Noto Sans CanAborig XLt
Noto Sans Carian
Noto Sans Caucasian Albanian,Noto Sans CaucAlban
Noto Sans Chakma
Noto Sans Cham
Noto Sans Cham,Noto Sans Cham Blk
Noto Sans Cham,Noto Sans Cham ExtBd
Noto Sans Cham,Noto Sans Cham ExtLt
Noto Sans Cham,Noto Sans Cham Light
Noto Sans Cham,Noto Sans Cham Med
Noto Sans Cham,Noto Sans Cham SemBd
Noto Sans Cham,Noto Sans Cham Thin
Noto Sans Cherokee
Noto Sans Cherokee,Noto Sans Cherokee Blk
Noto Sans Cherokee,Noto Sans Cherokee ExtBd
Noto Sans Cherokee,Noto Sans Cherokee ExtLt
Noto Sans Cherokee,Noto Sans Cherokee Light
Noto Sans Cherokee,Noto Sans Cherokee Med
Noto Sans Cherokee,Noto Sans Cherokee SemBd
Noto Sans Cherokee,Noto Sans Cherokee Thin
Noto Sans CJK JP,Noto Sans CJK JP Black
Noto Sans CJK JP,Noto Sans CJK JP Bold
Noto Sans CJK JP,Noto Sans CJK JP DemiLight
Noto Sans CJK JP,Noto Sans CJK JP Light
Noto Sans CJK JP,Noto Sans CJK JP Medium
Noto Sans CJK JP,Noto Sans CJK JP Regular
Noto Sans CJK JP,Noto Sans CJK JP Thin
Noto Sans CJK KR,Noto Sans CJK KR Black
Noto Sans CJK KR,Noto Sans CJK KR Bold
Noto Sans CJK KR,Noto Sans CJK KR DemiLight
Noto Sans CJK KR,Noto Sans CJK KR Light
Noto Sans CJK KR,Noto Sans CJK KR Medium
Noto Sans CJK KR,Noto Sans CJK KR Regular
Noto Sans CJK KR,Noto Sans CJK KR Thin
Noto Sans CJK SC,Noto Sans CJK SC Black
Noto Sans CJK SC,Noto Sans CJK SC Bold
Noto Sans CJK SC,Noto Sans CJK SC DemiLight
Noto Sans CJK SC,Noto Sans CJK SC Light
Noto Sans CJK SC,Noto Sans CJK SC Medium
Noto Sans CJK SC,Noto Sans CJK SC Regular
Noto Sans CJK SC,Noto Sans CJK SC Thin
Noto Sans CJK TC,Noto Sans CJK TC Black
Noto Sans CJK TC,Noto Sans CJK TC Bold
Noto Sans CJK TC,Noto Sans CJK TC DemiLight
Noto Sans CJK TC,Noto Sans CJK TC Light
Noto Sans CJK TC,Noto Sans CJK TC Medium
Noto Sans CJK TC,Noto Sans CJK TC Regular
Noto Sans CJK TC,Noto Sans CJK TC Thin
Noto Sans Coptic
Noto Sans Cuneiform
Noto Sans Cypriot
Noto Sans Deseret
Noto Sans Devanagari
Noto Sans Devanagari,Noto Sans Devanagari Bk
Noto Sans Devanagari,Noto Sans Devanagari Cn
Noto Sans Devanagari,Noto Sans Devanagari Cn Bk
Noto Sans Devanagari,Noto Sans Devanagari Cn Lt
Noto Sans Devanagari,Noto Sans Devanagari Cn Md
Noto Sans Devanagari,Noto Sans Devanagari Cn SmBd
Noto Sans Devanagari,Noto Sans Devanagari Cn Th
Noto Sans Devanagari,Noto Sans Devanagari Cn XBd
Noto Sans Devanagari,Noto Sans Devanagari Cn XLt
Noto Sans Devanagari,Noto Sans Devanagari Lt
Noto Sans Devanagari,Noto Sans Devanagari Md
Noto Sans Devanagari,Noto Sans Devanagari SmBd
Noto Sans Devanagari,Noto Sans Devanagari SmCn
Noto Sans Devanagari,Noto Sans Devanagari SmCn Bk
Noto Sans Devanagari,Noto Sans Devanagari SmCn Lt
Noto Sans Devanagari,Noto Sans Devanagari SmCn Md
Noto Sans Devanagari,Noto Sans Devanagari SmCn SmBd
Noto Sans Devanagari,Noto Sans Devanagari SmCn Th
Noto Sans Devanagari,Noto Sans Devanagari SmCn XBd
Noto Sans Devanagari,Noto Sans Devanagari SmCn XLt
Noto Sans Devanagari,Noto Sans Devanagari Th
Noto Sans Devanagari,Noto Sans Devanagari XBd
Noto Sans Devanagari,Noto Sans Devanagari XCn
Noto Sans Devanagari,Noto Sans Devanagari XCn Bk
Noto Sans Devanagari,Noto Sans Devanagari XCn Lt
Noto Sans Devanagari,Noto Sans Devanagari XCn Md
Noto Sans Devanagari,Noto Sans Devanagari XCn SmBd
Noto Sans Devanagari,Noto Sans Devanagari XCn Th
Noto Sans Devanagari,Noto Sans Devanagari XCn XBd
Noto Sans Devanagari,Noto Sans Devanagari XCn XLt
Noto Sans Devanagari,Noto Sans Devanagari XLt
Noto Sans Devanagari UI
Noto Sans Devanagari UI,Noto Sans Devanagari Bk
Noto Sans Devanagari UI,Noto Sans Devanagari Cn
Noto Sans Devanagari UI,Noto Sans Devanagari Cn Bk
Noto Sans Devanagari UI,Noto Sans Devanagari Cn Lt
Noto Sans Devanagari UI,Noto Sans Devanagari Cn Md
Noto Sans Devanagari UI,Noto Sans Devanagari Cn SmBd
Noto Sans Devanagari UI,Noto Sans Devanagari Cn Th
Noto Sans Devanagari UI,Noto Sans Devanagari Cn XBd
Noto Sans Devanagari UI,Noto Sans Devanagari Cn XLt
Noto Sans Devanagari UI,Noto Sans Devanagari Lt
Noto Sans Devanagari UI,Noto Sans Devanagari Md
Noto Sans Devanagari UI,Noto Sans Devanagari SmBd
Noto Sans Devanagari UI,Noto Sans Devanagari SmCn
Noto Sans Devanagari UI,Noto Sans Devanagari SmCn Bk
Noto Sans Devanagari UI,Noto Sans Devanagari SmCn Lt
Noto Sans Devanagari UI,Noto Sans Devanagari SmCn Md
Noto Sans Devanagari UI,Noto Sans Devanagari SmCn SmBd
Noto Sans Devanagari UI,Noto Sans Devanagari SmCn Th
Noto Sans Devanagari UI,Noto Sans Devanagari SmCn XBd
Noto Sans Devanagari UI,Noto Sans Devanagari SmCn XLt
Noto Sans Devanagari UI,Noto Sans Devanagari Th
Noto Sans Devanagari UI,Noto Sans Devanagari XBd
Noto Sans Devanagari UI,Noto Sans Devanagari XCn
Noto Sans Devanagari UI,Noto Sans Devanagari XCn Bk
Noto Sans Devanagari UI,Noto Sans Devanagari XCn Lt
Noto Sans Devanagari UI,Noto Sans Devanagari XCn Md
Noto Sans Devanagari UI,Noto Sans Devanagari XCn SmBd
Noto Sans Devanagari UI,Noto Sans Devanagari XCn Th
Noto Sans Devanagari UI,Noto Sans Devanagari XCn XBd
Noto Sans Devanagari UI,Noto Sans Devanagari XCn XLt
Noto Sans Devanagari UI,Noto Sans Devanagari XLt
Noto Sans Display
Noto Sans Display,Noto Sans Display Black
Noto Sans Display,Noto Sans Display Condensed
Noto Sans Display,Noto Sans Display Condensed Black
Noto Sans Display,Noto Sans Display Condensed ExtraBold
Noto Sans Display,Noto Sans Display Condensed ExtraLight
Noto Sans Display,Noto Sans Display Condensed Light
Noto Sans Display,Noto Sans Display Condensed Medium
Noto Sans Display,Noto Sans Display Condensed SemiBold
Noto Sans Display,Noto Sans Display Condensed Thin
Noto Sans Display,Noto Sans Display ExtraBold
Noto Sans Display,Noto Sans Display ExtraCondensed
Noto Sans Display,Noto Sans Display ExtraCondensed Black
Noto Sans Display,Noto Sans Display ExtraCondensed ExtraBold
Noto Sans Display,Noto Sans Display ExtraCondensed ExtraLight
Noto Sans Display,Noto Sans Display ExtraCondensed Light
Noto Sans Display,Noto Sans Display ExtraCondensed Medium
Noto Sans Display,Noto Sans Display ExtraCondensed SemiBold
Noto Sans Display,Noto Sans Display ExtraCondensed Thin
Noto Sans Display,Noto Sans Display ExtraLight
Noto Sans Display,Noto Sans Display Light
Noto Sans Display,Noto Sans Display Medium
Noto Sans Display,Noto Sans Display SemiBold
Noto Sans Display,Noto Sans Display SemiCondensed
Noto Sans Display,Noto Sans Display SemiCondensed Black
Noto Sans Display,Noto Sans Display SemiCondensed ExtraBold
Noto Sans Display,Noto Sans Display SemiCondensed ExtraLight
Noto Sans Display,Noto Sans Display SemiCondensed Light
Noto Sans Display,Noto Sans Display SemiCondensed Medium
Noto Sans Display,Noto Sans Display SemiCondensed SemiBold
Noto Sans Display,Noto Sans Display SemiCondensed Thin
Noto Sans Display,Noto Sans Display Thin
Noto Sans Duployan
Noto Sans Egyptian Hieroglyphs,Noto Sans EgyptHiero
Noto Sans Elbasan
Noto Sans Ethiopic
Noto Sans Ethiopic,Noto Sans Ethiopic Blk
Noto Sans Ethiopic,Noto Sans Ethiopic Cond
Noto Sans Ethiopic,Noto Sans Ethiopic Cond Blk
Noto Sans Ethiopic,Noto Sans Ethiopic Cond ExtBd
Noto Sans Ethiopic,Noto Sans Ethiopic Cond ExtLt
Noto Sans Ethiopic,Noto Sans Ethiopic Cond Light
Noto Sans Ethiopic,Noto Sans Ethiopic Cond Med
Noto Sans Ethiopic,Noto Sans Ethiopic Cond SemBd
Noto Sans Ethiopic,Noto Sans Ethiopic Cond Thin
Noto Sans Ethiopic,Noto Sans Ethiopic ExtBd
Noto Sans Ethiopic,Noto Sans Ethiopic ExtCond
Noto Sans Ethiopic,Noto Sans Ethiopic ExtCond Blk
Noto Sans Ethiopic,Noto Sans Ethiopic ExtCond ExtBd
Noto Sans Ethiopic,Noto Sans Ethiopic ExtCond ExtLt
Noto Sans Ethiopic,Noto Sans Ethiopic ExtCond Light
Noto Sans Ethiopic,Noto Sans Ethiopic ExtCond Med
Noto Sans Ethiopic,Noto Sans Ethiopic ExtCond SemBd
Noto Sans Ethiopic,Noto Sans Ethiopic ExtCond Thin
Noto Sans Ethiopic,Noto Sans Ethiopic ExtLt
Noto Sans Ethiopic,Noto Sans Ethiopic Light
Noto Sans Ethiopic,Noto Sans Ethiopic Med
Noto Sans Ethiopic,Noto Sans Ethiopic SemBd
Noto Sans Ethiopic,Noto Sans Ethiopic SemCond
Noto Sans Ethiopic,Noto Sans Ethiopic SemCond Blk
Noto Sans Ethiopic,Noto Sans Ethiopic SemCond ExtBd
Noto Sans Ethiopic,Noto Sans Ethiopic SemCond ExtLt
Noto Sans Ethiopic,Noto Sans Ethiopic SemCond Light
Noto Sans Ethiopic,Noto Sans Ethiopic SemCond Med
Noto Sans Ethiopic,Noto Sans Ethiopic SemCond SemBd
Noto Sans Ethiopic,Noto Sans Ethiopic SemCond Thin
Noto Sans Ethiopic,Noto Sans Ethiopic Thin
Noto Sans Georgian
Noto Sans Georgian,Noto Sans Georgian Blk
Noto Sans Georgian,Noto Sans Georgian Cond
Noto Sans Georgian,Noto Sans Georgian Cond Blk
Noto Sans Georgian,Noto Sans Georgian Cond ExtBd
Noto Sans Georgian,Noto Sans Georgian Cond ExtLt
Noto Sans Georgian,Noto Sans Georgian Cond Light
Noto Sans Georgian,Noto Sans Georgian Cond Med
Noto Sans Georgian,Noto Sans Georgian Cond SemBd
Noto Sans Georgian,Noto Sans Georgian Cond Thin
Noto Sans Georgian,Noto Sans Georgian ExtBd
Noto Sans Georgian,Noto Sans Georgian ExtCond
Noto Sans Georgian,Noto Sans Georgian ExtCond Blk
Noto Sans Georgian,Noto Sans Georgian ExtCond ExtBd
Noto Sans Georgian,Noto Sans Georgian ExtCond ExtLt
Noto Sans Georgian,Noto Sans Georgian ExtCond Light
Noto Sans Georgian,Noto Sans Georgian ExtCond Med
Noto Sans Georgian,Noto Sans Georgian ExtCond SemBd
Noto Sans Georgian,Noto Sans Georgian ExtCond Thin
Noto Sans Georgian,Noto Sans Georgian ExtLt
Noto Sans Georgian,Noto Sans Georgian Light
Noto Sans Georgian,Noto Sans Georgian Med
Noto Sans Georgian,Noto Sans Georgian SemBd
Noto Sans Georgian,Noto Sans Georgian SemCond
Noto Sans Georgian,Noto Sans Georgian SemCond Blk
Noto Sans Georgian,Noto Sans Georgian SemCond ExtBd
Noto Sans Georgian,Noto Sans Georgian SemCond ExtLt
Noto Sans Georgian,Noto Sans Georgian SemCond Light
Noto Sans Georgian,Noto Sans Georgian SemCond Med
Noto Sans Georgian,Noto Sans Georgian SemCond SemBd
Noto Sans Georgian,Noto Sans Georgian SemCond Thin
Noto Sans Georgian,Noto Sans Georgian Thin
Noto Sans Glagolitic
Noto Sans Gothic
Noto Sans Grantha
Noto Sans Gujarati
Noto Sans Gujarati UI
Noto Sans Gurmukhi
Noto Sans Gurmukhi UI
Noto Sans Hanunoo
Noto Sans Hatran
Noto Sans Hebrew
Noto Sans Hebrew,Noto Sans Hebrew Blk
Noto Sans Hebrew,Noto Sans Hebrew Cond
Noto Sans Hebrew,Noto Sans Hebrew Cond Blk
Noto Sans Hebrew,Noto Sans Hebrew Cond ExtBd
Noto Sans Hebrew,Noto Sans Hebrew Cond ExtLt
Noto Sans Hebrew,Noto Sans Hebrew Cond Light
Noto Sans Hebrew,Noto Sans Hebrew Cond Med
Noto Sans Hebrew,Noto Sans Hebrew Cond SemBd
Noto Sans Hebrew,Noto Sans Hebrew Cond Thin
Noto Sans Hebrew,Noto Sans Hebrew ExtBd
Noto Sans Hebrew,Noto Sans Hebrew ExtCond
Noto Sans Hebrew,Noto Sans Hebrew ExtCond Blk
Noto Sans Hebrew,Noto Sans Hebrew ExtCond ExtBd
Noto Sans Hebrew,Noto Sans Hebrew ExtCond ExtLt
Noto Sans Hebrew,Noto Sans Hebrew ExtCond Light
Noto Sans Hebrew,Noto Sans Hebrew ExtCond Med
Noto Sans Hebrew,Noto Sans Hebrew ExtCond SemBd
Noto Sans Hebrew,Noto Sans Hebrew ExtCond Thin
Noto Sans Hebrew,Noto Sans Hebrew ExtLt
Noto Sans Hebrew,Noto Sans Hebrew Light
Noto Sans Hebrew,Noto Sans Hebrew Med
Noto Sans Hebrew,Noto Sans Hebrew SemBd
Noto Sans Hebrew,Noto Sans Hebrew SemCond
Noto Sans Hebrew,Noto Sans Hebrew SemCond Blk
Noto Sans Hebrew,Noto Sans Hebrew SemCond ExtBd
Noto Sans Hebrew,Noto Sans Hebrew SemCond ExtLt
Noto Sans Hebrew,Noto Sans Hebrew SemCond Light
Noto Sans Hebrew,Noto Sans Hebrew SemCond Med
Noto Sans Hebrew,Noto Sans Hebrew SemCond SemBd
Noto Sans Hebrew,Noto Sans Hebrew SemCond Thin
Noto Sans Hebrew,Noto Sans Hebrew Thin
Noto Sans Imperial Aramaic,Noto Sans ImpAramaic
Noto Sans Inscriptional Pahlavi,Noto Sans InsPahlavi
Noto Sans Inscriptional Parthian,Noto Sans InsParthi
Noto Sans Javanese
Noto Sans Kaithi
Noto Sans Kannada
Noto Sans Kannada,Noto Sans Kannada Black
Noto Sans Kannada,Noto Sans Kannada Condensed
Noto Sans Kannada,Noto Sans Kannada Condensed Black
Noto Sans Kannada,Noto Sans Kannada Condensed ExtraBold
Noto Sans Kannada,Noto Sans Kannada Condensed ExtraLight
Noto Sans Kannada,Noto Sans Kannada Condensed Light
Noto Sans Kannada,Noto Sans Kannada Condensed Medium
Noto Sans Kannada,Noto Sans Kannada Condensed SemiBold
Noto Sans Kannada,Noto Sans Kannada Condensed Thin
Noto Sans Kannada,Noto Sans Kannada ExtraBold
Noto Sans Kannada,Noto Sans Kannada ExtraCondensed
Noto Sans Kannada,Noto Sans Kannada ExtraCondensed Black
Noto Sans Kannada,Noto Sans Kannada ExtraCondensed ExtraBold
Noto Sans Kannada,Noto Sans Kannada ExtraCondensed ExtraLight
Noto Sans Kannada,Noto Sans Kannada ExtraCondensed Light
Noto Sans Kannada,Noto Sans Kannada ExtraCondensed Medium
Noto Sans Kannada,Noto Sans Kannada ExtraCondensed SemiBold
Noto Sans Kannada,Noto Sans Kannada ExtraCondensed Thin
Noto Sans Kannada,Noto Sans Kannada ExtraLight
Noto Sans Kannada,Noto Sans Kannada Light
Noto Sans Kannada,Noto Sans Kannada Medium
Noto Sans Kannada,Noto Sans Kannada SemiBold
Noto Sans Kannada,Noto Sans Kannada SemiCondensed
Noto Sans Kannada,Noto Sans Kannada SemiCondensed Black
Noto Sans Kannada,Noto Sans Kannada SemiCondensed ExtraBold
Noto Sans Kannada,Noto Sans Kannada SemiCondensed ExtraLight
Noto Sans Kannada,Noto Sans Kannada SemiCondensed Light
Noto Sans Kannada,Noto Sans Kannada SemiCondensed Medium
Noto Sans Kannada,Noto Sans Kannada SemiCondensed SemiBold
Noto Sans Kannada,Noto Sans Kannada SemiCondensed Thin
Noto Sans Kannada,Noto Sans Kannada Thin
Noto Sans Kannada UI
Noto Sans Kannada UI,Noto Sans Kannada UI Black
Noto Sans Kannada UI,Noto Sans Kannada UI Condensed
Noto Sans Kannada UI,Noto Sans Kannada UI Condensed Black
Noto Sans Kannada UI,Noto Sans Kannada UI Condensed ExtraBold
Noto Sans Kannada UI,Noto Sans Kannada UI Condensed ExtraLight
Noto Sans Kannada UI,Noto Sans Kannada UI Condensed Light
Noto Sans Kannada UI,Noto Sans Kannada UI Condensed Medium
Noto Sans Kannada UI,Noto Sans Kannada UI Condensed SemiBold
Noto Sans Kannada UI,Noto Sans Kannada UI Condensed Thin
Noto Sans Kannada UI,Noto Sans Kannada UI ExtraBold
Noto Sans Kannada UI,Noto Sans Kannada UI ExtraCondensed
Noto Sans Kannada UI,Noto Sans Kannada UI ExtraCondensed Black
Noto Sans Kannada UI,Noto Sans Kannada UI ExtraCondensed ExtraBold
Noto Sans Kannada UI,Noto Sans Kannada UI ExtraCondensed ExtraLight
Noto Sans Kannada UI,Noto Sans Kannada UI ExtraCondensed Light
Noto Sans Kannada UI,Noto Sans Kannada UI ExtraCondensed Medium
Noto Sans Kannada UI,Noto Sans Kannada UI ExtraCondensed SemiBold
Noto Sans Kannada UI,Noto Sans Kannada UI ExtraCondensed Thin
Noto Sans Kannada UI,Noto Sans Kannada UI ExtraLight
Noto Sans Kannada UI,Noto Sans Kannada UI Light
Noto Sans Kannada UI,Noto Sans Kannada UI Medium
Noto Sans Kannada UI,Noto Sans Kannada UI SemiBold
Noto Sans Kannada UI,Noto Sans Kannada UI SemiCondensed
Noto Sans Kannada UI,Noto Sans Kannada UI SemiCondensed Black
Noto Sans Kannada UI,Noto Sans Kannada UI SemiCondensed ExtraBold
Noto Sans Kannada UI,Noto Sans Kannada UI SemiCondensed ExtraLight
Noto Sans Kannada UI,Noto Sans Kannada UI SemiCondensed Light
Noto Sans Kannada UI,Noto Sans Kannada UI SemiCondensed Medium
Noto Sans Kannada UI,Noto Sans Kannada UI SemiCondensed SemiBold
Noto Sans Kannada UI,Noto Sans Kannada UI SemiCondensed Thin
Noto Sans Kannada UI,Noto Sans Kannada UI Thin
Noto Sans Kayah Li
Noto Sans Kharoshthi
Noto Sans Khmer
Noto Sans Khmer,Noto Sans Khmer Black
Noto Sans Khmer,Noto Sans Khmer Condensed
Noto Sans Khmer,Noto Sans Khmer Condensed Black
Noto Sans Khmer,Noto Sans Khmer Condensed ExtraBold
Noto Sans Khmer,Noto Sans Khmer Condensed ExtraLight
Noto Sans Khmer,Noto Sans Khmer Condensed Light
Noto Sans Khmer,Noto Sans Khmer Condensed Medium
Noto Sans Khmer,Noto Sans Khmer Condensed SemiBold
Noto Sans Khmer,Noto Sans Khmer Condensed Thin
Noto Sans Khmer,Noto Sans Khmer ExtraBold
Noto Sans Khmer,Noto Sans Khmer ExtraCondensed
Noto Sans Khmer,Noto Sans Khmer ExtraCondensed Black
Noto Sans Khmer,Noto Sans Khmer ExtraCondensed ExtraBold
Noto Sans Khmer,Noto Sans Khmer ExtraCondensed ExtraLight
Noto Sans Khmer,Noto Sans Khmer ExtraCondensed Light
Noto Sans Khmer,Noto Sans Khmer ExtraCondensed Medium
Noto Sans Khmer,Noto Sans Khmer ExtraCondensed SemiBold
Noto Sans Khmer,Noto Sans Khmer ExtraCondensed Thin
Noto Sans Khmer,Noto Sans Khmer ExtraLight
Noto Sans Khmer,Noto Sans Khmer Light
Noto Sans Khmer,Noto Sans Khmer Medium
Noto Sans Khmer,Noto Sans Khmer SemiBold
Noto Sans Khmer,Noto Sans Khmer SemiCondensed
Noto Sans Khmer,Noto Sans Khmer SemiCondensed Black
Noto Sans Khmer,Noto Sans Khmer SemiCondensed ExtraBold
Noto Sans Khmer,Noto Sans Khmer SemiCondensed ExtraLight
Noto Sans Khmer,Noto Sans Khmer SemiCondensed Light
Noto Sans Khmer,Noto Sans Khmer SemiCondensed Medium
Noto Sans Khmer,Noto Sans Khmer SemiCondensed SemiBold
Noto Sans Khmer,Noto Sans Khmer SemiCondensed Thin
Noto Sans Khmer,Noto Sans Khmer Thin
Noto Sans Khmer UI
Noto Sans Khmer UI,Noto Sans Khmer UI Black
Noto Sans Khmer UI,Noto Sans Khmer UI Condensed
Noto Sans Khmer UI,Noto Sans Khmer UI Condensed Black
Noto Sans Khmer UI,Noto Sans Khmer UI Condensed ExtraBold
Noto Sans Khmer UI,Noto Sans Khmer UI Condensed ExtraLight
Noto Sans Khmer UI,Noto Sans Khmer UI Condensed Light
Noto Sans Khmer UI,Noto Sans Khmer UI Condensed Medium
Noto Sans Khmer UI,Noto Sans Khmer UI Condensed SemiBold
Noto Sans Khmer UI,Noto Sans Khmer UI Condensed Thin
Noto Sans Khmer UI,Noto Sans Khmer UI ExtraBold
Noto Sans Khmer UI,Noto Sans Khmer UI ExtraCondensed
Noto Sans Khmer UI,Noto Sans Khmer UI ExtraCondensed Black
Noto Sans Khmer UI,Noto Sans Khmer UI ExtraCondensed ExtraBold
Noto Sans Khmer UI,Noto Sans Khmer UI ExtraCondensed ExtraLight
Noto Sans Khmer UI,Noto Sans Khmer UI ExtraCondensed Light
Noto Sans Khmer UI,Noto Sans Khmer UI ExtraCondensed Medium
Noto Sans Khmer UI,Noto Sans Khmer UI ExtraCondensed SemiBold
Noto Sans Khmer UI,Noto Sans Khmer UI ExtraCondensed Thin
Noto Sans Khmer UI,Noto Sans Khmer UI ExtraLight
Noto Sans Khmer UI,Noto Sans Khmer UI Light
Noto Sans Khmer UI,Noto Sans Khmer UI Medium
Noto Sans Khmer UI,Noto Sans Khmer UI SemiBold
Noto Sans Khmer UI,Noto Sans Khmer UI SemiCondensed
Noto Sans Khmer UI,Noto Sans Khmer UI SemiCondensed Black
Noto Sans Khmer UI,Noto Sans Khmer UI SemiCondensed ExtraBold
Noto Sans Khmer UI,Noto Sans Khmer UI SemiCondensed ExtraLight
Noto Sans Khmer UI,Noto Sans Khmer UI SemiCondensed Light
Noto Sans Khmer UI,Noto Sans Khmer UI SemiCondensed Medium
Noto Sans Khmer UI,Noto Sans Khmer UI SemiCondensed SemiBold
Noto Sans Khmer UI,Noto Sans Khmer UI SemiCondensed Thin
Noto Sans Khmer UI,Noto Sans Khmer UI Thin
Noto Sans Khojki
Noto Sans Khudawadi
Noto Sans Lao
Noto Sans Lao,Noto Sans Lao Blk
Noto Sans Lao,Noto Sans Lao Cond
Noto Sans Lao,Noto Sans Lao Cond Blk
Noto Sans Lao,Noto Sans Lao Cond ExtBd
Noto Sans Lao,Noto Sans Lao Cond ExtLt
Noto Sans Lao,Noto Sans Lao Cond Light
Noto Sans Lao,Noto Sans Lao Cond Med
Noto Sans Lao,Noto Sans Lao Cond SemBd
Noto Sans Lao,Noto Sans Lao Cond Thin
Noto Sans Lao,Noto Sans Lao ExtBd
Noto Sans Lao,Noto Sans Lao ExtCond
Noto Sans Lao,Noto Sans Lao ExtCond Blk
Noto Sans Lao,Noto Sans Lao ExtCond ExtBd
Noto Sans Lao,Noto Sans Lao ExtCond ExtLt
Noto Sans Lao,Noto Sans Lao ExtCond Light
Noto Sans Lao,Noto Sans Lao ExtCond Med
Noto Sans Lao,Noto Sans Lao ExtCond SemBd
Noto Sans Lao,Noto Sans Lao ExtCond Thin
Noto Sans Lao,Noto Sans Lao ExtLt
Noto Sans Lao,Noto Sans Lao Light
Noto Sans Lao,Noto Sans Lao Med
Noto Sans Lao,Noto Sans Lao SemBd
Noto Sans Lao,Noto Sans Lao SemCond
Noto Sans Lao,Noto Sans Lao SemCond Blk
Noto Sans Lao,Noto Sans Lao SemCond ExtBd
Noto Sans Lao,Noto Sans Lao SemCond ExtLt
Noto Sans Lao,Noto Sans Lao SemCond Light
Noto Sans Lao,Noto Sans Lao SemCond Med
Noto Sans Lao,Noto Sans Lao SemCond SemBd
Noto Sans Lao,Noto Sans Lao SemCond Thin
Noto Sans Lao,Noto Sans Lao Thin
Noto Sans Lao UI
Noto Sans Lao UI,Noto Sans Lao UI Blk
Noto Sans Lao UI,Noto Sans Lao UI Cond
Noto Sans Lao UI,Noto Sans Lao UI Cond Blk
Noto Sans Lao UI,Noto Sans Lao UI Cond ExtBd
Noto Sans Lao UI,Noto Sans Lao UI Cond ExtLt
Noto Sans Lao UI,Noto Sans Lao UI Cond Light
Noto Sans Lao UI,Noto Sans Lao UI Cond Med
Noto Sans Lao UI,Noto Sans Lao UI Cond SemBd
Noto Sans Lao UI,Noto Sans Lao UI Cond Thin
Noto Sans Lao UI,Noto Sans Lao UI ExtBd
Noto Sans Lao UI,Noto Sans Lao UI ExtCond
Noto Sans Lao UI,Noto Sans Lao UI ExtCond Blk
Noto Sans Lao UI,Noto Sans Lao UI ExtCond ExtBd
Noto Sans Lao UI,Noto Sans Lao UI ExtCond ExtLt
Noto Sans Lao UI,Noto Sans Lao UI ExtCond Light
Noto Sans Lao UI,Noto Sans Lao UI ExtCond Med
Noto Sans Lao UI,Noto Sans Lao UI ExtCond SemBd
Noto Sans Lao UI,Noto Sans Lao UI ExtCond Thin
Noto Sans Lao UI,Noto Sans Lao UI ExtLt
Noto Sans Lao UI,Noto Sans Lao UI Light
Noto Sans Lao UI,Noto Sans Lao UI Med
Noto Sans Lao UI,Noto Sans Lao UI SemBd
Noto Sans Lao UI,Noto Sans Lao UI SemCond
Noto Sans Lao UI,Noto Sans Lao UI SemCond Blk
Noto Sans Lao UI,Noto Sans Lao UI SemCond ExtBd
Noto Sans Lao UI,Noto Sans Lao UI SemCond ExtLt
Noto Sans Lao UI,Noto Sans Lao UI SemCond Light
Noto Sans Lao UI,Noto Sans Lao UI SemCond Med
Noto Sans Lao UI,Noto Sans Lao UI SemCond SemBd
Noto Sans Lao UI,Noto Sans Lao UI SemCond Thin
Noto Sans Lao UI,Noto Sans Lao UI Thin
Noto Sans Lepcha
Noto Sans Limbu
Noto Sans Linear A
Noto Sans Linear B
Noto Sans Lisu
Noto Sans Lycian
Noto Sans Lydian
Noto Sans Mahajani
Noto Sans Malayalam
Noto Sans Malayalam,Noto Sans Malayalam Black
Noto Sans Malayalam,Noto Sans Malayalam Condensed
Noto Sans Malayalam,Noto Sans Malayalam Condensed Black
Noto Sans Malayalam,Noto Sans Malayalam Condensed ExtraBold
Noto Sans Malayalam,Noto Sans Malayalam Condensed ExtraLight
Noto Sans Malayalam,Noto Sans Malayalam Condensed Light
Noto Sans Malayalam,Noto Sans Malayalam Condensed Medium
Noto Sans Malayalam,Noto Sans Malayalam Condensed SemiBold
Noto Sans Malayalam,Noto Sans Malayalam Condensed Thin
Noto Sans Malayalam,Noto Sans Malayalam ExtraBold
Noto Sans Malayalam,Noto Sans Malayalam ExtraCondensed
Noto Sans Malayalam,Noto Sans Malayalam ExtraCondensed Black
Noto Sans Malayalam,Noto Sans Malayalam ExtraCondensed ExtraBold
Noto Sans Malayalam,Noto Sans Malayalam ExtraCondensed ExtraLight
Noto Sans Malayalam,Noto Sans Malayalam ExtraCondensed Light
Noto Sans Malayalam,Noto Sans Malayalam ExtraCondensed Medium
Noto Sans Malayalam,Noto Sans Malayalam ExtraCondensed SemiBold
Noto Sans Malayalam,Noto Sans Malayalam ExtraCondensed Thin
Noto Sans Malayalam,Noto Sans Malayalam ExtraLight
Noto Sans Malayalam,Noto Sans Malayalam Light
Noto Sans Malayalam,Noto Sans Malayalam Medium
Noto Sans Malayalam,Noto Sans Malayalam SemiBold
Noto Sans Malayalam,Noto Sans Malayalam SemiCondensed
Noto Sans Malayalam,Noto Sans Malayalam SemiCondensed Black
Noto Sans Malayalam,Noto Sans Malayalam SemiCondensed ExtraBold
Noto Sans Malayalam,Noto Sans Malayalam SemiCondensed ExtraLight
Noto Sans Malayalam,Noto Sans Malayalam SemiCondensed Light
Noto Sans Malayalam,Noto Sans Malayalam SemiCondensed Medium
Noto Sans Malayalam,Noto Sans Malayalam SemiCondensed SemiBold
Noto Sans Malayalam,Noto Sans Malayalam SemiCondensed Thin
Noto Sans Malayalam,Noto Sans Malayalam Thin
Noto Sans Malayalam UI
Noto Sans Malayalam UI,Noto Sans Malayalam UI Black
Noto Sans Malayalam UI,Noto Sans Malayalam UI Condensed
Noto Sans Malayalam UI,Noto Sans Malayalam UI Condensed Black
Noto Sans Malayalam UI,Noto Sans Malayalam UI Condensed ExtraBold
Noto Sans Malayalam UI,Noto Sans Malayalam UI Condensed ExtraLight
Noto Sans Malayalam UI,Noto Sans Malayalam UI Condensed Light
Noto Sans Malayalam UI,Noto Sans Malayalam UI Condensed Medium
Noto Sans Malayalam UI,Noto Sans Malayalam UI Condensed SemiBold
Noto Sans Malayalam UI,Noto Sans Malayalam UI Condensed Thin
Noto Sans Malayalam UI,Noto Sans Malayalam UI ExtraBold
Noto Sans Malayalam UI,Noto Sans Malayalam UI ExtraCondensed
Noto Sans Malayalam UI,Noto Sans Malayalam UI ExtraCondensed Black
Noto Sans Malayalam UI,Noto Sans Malayalam UI ExtraCondensed ExtraBold
Noto Sans Malayalam UI,Noto Sans Malayalam UI ExtraCondensed ExtraLight
Noto Sans Malayalam UI,Noto Sans Malayalam UI ExtraCondensed Light
Noto Sans Malayalam UI,Noto Sans Malayalam UI ExtraCondensed Medium
Noto Sans Malayalam UI,Noto Sans Malayalam UI ExtraCondensed SemiBold
Noto Sans Malayalam UI,Noto Sans Malayalam UI ExtraCondensed Thin
Noto Sans Malayalam UI,Noto Sans Malayalam UI ExtraLight
Noto Sans Malayalam UI,Noto Sans Malayalam UI Light
Noto Sans Malayalam UI,Noto Sans Malayalam UI Medium
Noto Sans Malayalam UI,Noto Sans Malayalam UI SemiBold
Noto Sans Malayalam UI,Noto Sans Malayalam UI SemiCondensed
Noto Sans Malayalam UI,Noto Sans Malayalam UI SemiCondensed Black
Noto Sans Malayalam UI,Noto Sans Malayalam UI SemiCondensed ExtraBold
Noto Sans Malayalam UI,Noto Sans Malayalam UI SemiCondensed ExtraLight
Noto Sans Malayalam UI,Noto Sans Malayalam UI SemiCondensed Light
Noto Sans Malayalam UI,Noto Sans Malayalam UI SemiCondensed Medium
Noto Sans Malayalam UI,Noto Sans Malayalam UI SemiCondensed SemiBold
Noto Sans Malayalam UI,Noto Sans Malayalam UI SemiCondensed Thin
Noto Sans Malayalam UI,Noto Sans Malayalam UI Thin
Noto Sans Mandaic
Noto Sans Manichaean
Noto Sans Marchen
Noto Sans Math
Noto Sans Meetei Mayek
Noto Sans Mende Kikakui
Noto Sans Meroitic
Noto Sans Miao
Noto Sans Modi
Noto Sans Mongolian
Noto Sans Mono
Noto Sans Mono CJK JP,Noto Sans Mono CJK JP Bold
Noto Sans Mono CJK JP,Noto Sans Mono CJK JP Regular
Noto Sans Mono CJK KR,Noto Sans Mono CJK KR Bold
Noto Sans Mono CJK KR,Noto Sans Mono CJK KR Regular
Noto Sans Mono CJK SC,Noto Sans Mono CJK SC Bold
Noto Sans Mono CJK SC,Noto Sans Mono CJK SC Regular
Noto Sans Mono CJK TC,Noto Sans Mono CJK TC Bold
Noto Sans Mono CJK TC,Noto Sans Mono CJK TC Regular
Noto Sans Mono,Noto Sans Mono Black
Noto Sans Mono,Noto Sans Mono Condensed
Noto Sans Mono,Noto Sans Mono Condensed Black
Noto Sans Mono,Noto Sans Mono Condensed ExtraBold
Noto Sans Mono,Noto Sans Mono Condensed ExtraLight
Noto Sans Mono,Noto Sans Mono Condensed Light
Noto Sans Mono,Noto Sans Mono Condensed Medium
Noto Sans Mono,Noto Sans Mono Condensed SemiBold
Noto Sans Mono,Noto Sans Mono Condensed Thin
Noto Sans Mono,Noto Sans Mono ExtraBold
Noto Sans Mono,Noto Sans Mono ExtraCondensed
Noto Sans Mono,Noto Sans Mono ExtraCondensed Black
Noto Sans Mono,Noto Sans Mono ExtraCondensed ExtraBold
Noto Sans Mono,Noto Sans Mono ExtraCondensed ExtraLight
Noto Sans Mono,Noto Sans Mono ExtraCondensed Light
Noto Sans Mono,Noto Sans Mono ExtraCondensed Medium
Noto Sans Mono,Noto Sans Mono ExtraCondensed SemiBold
Noto Sans Mono,Noto Sans Mono ExtraCondensed Thin
Noto Sans Mono,Noto Sans Mono ExtraLight
Noto Sans Mono,Noto Sans Mono Light
Noto Sans Mono,Noto Sans Mono Medium
Noto Sans Mono,Noto Sans Mono SemiBold
Noto Sans Mono,Noto Sans Mono SemiCondensed
Noto Sans Mono,Noto Sans Mono SemiCondensed Black
Noto Sans Mono,Noto Sans Mono SemiCondensed ExtraBold
Noto Sans Mono,Noto Sans Mono SemiCondensed ExtraLight
Noto Sans Mono,Noto Sans Mono SemiCondensed Light
Noto Sans Mono,Noto Sans Mono SemiCondensed Medium
Noto Sans Mono,Noto Sans Mono SemiCondensed SemiBold
Noto Sans Mono,Noto Sans Mono SemiCondensed Thin
Noto Sans Mono,Noto Sans Mono Thin
Noto Sans Mro
Noto Sans Multani
Noto Sans Myanmar
Noto Sans Myanmar,Noto Sans Myanmar Blk
Noto Sans Myanmar,Noto Sans Myanmar Cond
Noto Sans Myanmar,Noto Sans Myanmar Cond Blk
Noto Sans Myanmar,Noto Sans Myanmar Cond ExtBd
Noto Sans Myanmar,Noto Sans Myanmar Cond ExtLt
Noto Sans Myanmar,Noto Sans Myanmar Cond Light
Noto Sans Myanmar,Noto Sans Myanmar Cond Med
Noto Sans Myanmar,Noto Sans Myanmar Cond SemBd
Noto Sans Myanmar,Noto Sans Myanmar Cond Thin
Noto Sans Myanmar,Noto Sans Myanmar ExtBd
Noto Sans Myanmar,Noto Sans Myanmar ExtCond
Noto Sans Myanmar,Noto Sans Myanmar ExtCond Blk
Noto Sans Myanmar,Noto Sans Myanmar ExtCond ExtBd
Noto Sans Myanmar,Noto Sans Myanmar ExtCond ExtLt
Noto Sans Myanmar,Noto Sans Myanmar ExtCond Light
Noto Sans Myanmar,Noto Sans Myanmar ExtCond Med
Noto Sans Myanmar,Noto Sans Myanmar ExtCond SemBd
Noto Sans Myanmar,Noto Sans Myanmar ExtCond Thin
Noto Sans Myanmar,Noto Sans Myanmar ExtLt
Noto Sans Myanmar,Noto Sans Myanmar Light
Noto Sans Myanmar,Noto Sans Myanmar Med
Noto Sans Myanmar,Noto Sans Myanmar SemBd
Noto Sans Myanmar,Noto Sans Myanmar SemCond
Noto Sans Myanmar,Noto Sans Myanmar SemCond Blk
Noto Sans Myanmar,Noto Sans Myanmar SemCond ExtBd
Noto Sans Myanmar,Noto Sans Myanmar SemCond ExtLt
Noto Sans Myanmar,Noto Sans Myanmar SemCond Light
Noto Sans Myanmar,Noto Sans Myanmar SemCond Med
Noto Sans Myanmar,Noto Sans Myanmar SemCond SemBd
Noto Sans Myanmar,Noto Sans Myanmar SemCond Thin
Noto Sans Myanmar,Noto Sans Myanmar Thin
Noto Sans Myanmar UI
Noto Sans Myanmar UI,Noto Sans Myanmar UI Black
Noto Sans Myanmar UI,Noto Sans Myanmar UI Condensed
Noto Sans Myanmar UI,Noto Sans Myanmar UI Condensed Black
Noto Sans Myanmar UI,Noto Sans Myanmar UI Condensed ExtraBold
Noto Sans Myanmar UI,Noto Sans Myanmar UI Condensed ExtraLight
Noto Sans Myanmar UI,Noto Sans Myanmar UI Condensed Light
Noto Sans Myanmar UI,Noto Sans Myanmar UI Condensed Medium
Noto Sans Myanmar UI,Noto Sans Myanmar UI Condensed SemiBold
Noto Sans Myanmar UI,Noto Sans Myanmar UI Condensed Thin
Noto Sans Myanmar UI,Noto Sans Myanmar UI ExtraBold
Noto Sans Myanmar UI,Noto Sans Myanmar UI ExtraCondensed
Noto Sans Myanmar UI,Noto Sans Myanmar UI ExtraCondensed Black
Noto Sans Myanmar UI,Noto Sans Myanmar UI ExtraCondensed ExtraBold
Noto Sans Myanmar UI,Noto Sans Myanmar UI ExtraCondensed ExtraLight
Noto Sans Myanmar UI,Noto Sans Myanmar UI ExtraCondensed Light
Noto Sans Myanmar UI,Noto Sans Myanmar UI ExtraCondensed Medium
Noto Sans Myanmar UI,Noto Sans Myanmar UI ExtraCondensed SemiBold
Noto Sans Myanmar UI,Noto Sans Myanmar UI ExtraCondensed Thin
Noto Sans Myanmar UI,Noto Sans Myanmar UI ExtraLight
Noto Sans Myanmar UI,Noto Sans Myanmar UI Light
Noto Sans Myanmar UI,Noto Sans Myanmar UI Medium
Noto Sans Myanmar UI,Noto Sans Myanmar UI SemiBold
Noto Sans Myanmar UI,Noto Sans Myanmar UI SemiCondensed
Noto Sans Myanmar UI,Noto Sans Myanmar UI SemiCondensed Black
Noto Sans Myanmar UI,Noto Sans Myanmar UI SemiCondensed ExtraBold
Noto Sans Myanmar UI,Noto Sans Myanmar UI SemiCondensed ExtraLight
Noto Sans Myanmar UI,Noto Sans Myanmar UI SemiCondensed Light
Noto Sans Myanmar UI,Noto Sans Myanmar UI SemiCondensed Medium
Noto Sans Myanmar UI,Noto Sans Myanmar UI SemiCondensed SemiBold
Noto Sans Myanmar UI,Noto Sans Myanmar UI SemiCondensed Thin
Noto Sans Myanmar UI,Noto Sans Myanmar UI Thin
Noto Sans Nabataean
Noto Sans Newa
Noto Sans New Tai Lue
Noto Sans NKo,Noto Sans N'Ko
Noto Sans,Noto Sans Black
Noto Sans,Noto Sans Condensed
Noto Sans,Noto Sans Condensed Black
Noto Sans,Noto Sans Condensed ExtraBold
Noto Sans,Noto Sans Condensed ExtraLight
Noto Sans,Noto Sans Condensed Light
Noto Sans,Noto Sans Condensed Medium
Noto Sans,Noto Sans Condensed SemiBold
Noto Sans,Noto Sans Condensed Thin
Noto Sans,Noto Sans ExtraBold
Noto Sans,Noto Sans ExtraCondensed
Noto Sans,Noto Sans ExtraCondensed Black
Noto Sans,Noto Sans ExtraCondensed ExtraBold
Noto Sans,Noto Sans ExtraCondensed ExtraLight
Noto Sans,Noto Sans ExtraCondensed Light
Noto Sans,Noto Sans ExtraCondensed Medium
Noto Sans,Noto Sans ExtraCondensed SemiBold
Noto Sans,Noto Sans ExtraCondensed Thin
Noto Sans,Noto Sans ExtraLight
Noto Sans,Noto Sans Light
Noto Sans,Noto Sans Medium
Noto Sans,Noto Sans SemiBold
Noto Sans,Noto Sans SemiCondensed
Noto Sans,Noto Sans SemiCondensed Black
Noto Sans,Noto Sans SemiCondensed ExtraBold
Noto Sans,Noto Sans SemiCondensed ExtraLight
Noto Sans,Noto Sans SemiCondensed Light
Noto Sans,Noto Sans SemiCondensed Medium
Noto Sans,Noto Sans SemiCondensed SemiBold
Noto Sans,Noto Sans SemiCondensed Thin
Noto Sans,Noto Sans Thin
Noto Sans Ogham
Noto Sans Ol Chiki
Noto Sans Old Hungarian,Noto Sans OldHung
Noto Sans Old Italic
Noto Sans Old North Arabian,Noto Sans OldNorArab
Noto Sans Old Permic
Noto Sans Old Persian
Noto Sans Old South Arabian,Noto Sans OldSouArab
Noto Sans Old Turkic
Noto Sans Oriya
Noto Sans Oriya UI
Noto Sans Osage
Noto Sans Osmanya
Noto Sans Pahawh Hmong
Noto Sans Palmyrene
Noto Sans Pau Cin Hau
Noto Sans PhagsPa
Noto Sans Phoenician
Noto Sans Psalter Pahlavi,Noto Sans PsaPahlavi
Noto Sans Rejang
Noto Sans Runic
Noto Sans Samaritan
Noto Sans Saurashtra
Noto Sans Sharada
Noto Sans Shavian
Noto Sans Sinhala
Noto Sans Sinhala,Noto Sans Sinhala Blk
Noto Sans Sinhala,Noto Sans Sinhala Cond
Noto Sans Sinhala,Noto Sans Sinhala Cond Blk
Noto Sans Sinhala,Noto Sans Sinhala Cond ExtBd
Noto Sans Sinhala,Noto Sans Sinhala Cond ExtLt
Noto Sans Sinhala,Noto Sans Sinhala Cond Light
Noto Sans Sinhala,Noto Sans Sinhala Cond Med
Noto Sans Sinhala,Noto Sans Sinhala Cond SemBd
Noto Sans Sinhala,Noto Sans Sinhala Cond Thin
Noto Sans Sinhala,Noto Sans Sinhala ExtBd
Noto Sans Sinhala,Noto Sans Sinhala ExtCond
Noto Sans Sinhala,Noto Sans Sinhala ExtCond Blk
Noto Sans Sinhala,Noto Sans Sinhala ExtCond ExtBd
Noto Sans Sinhala,Noto Sans Sinhala ExtCond ExtLt
Noto Sans Sinhala,Noto Sans Sinhala ExtCond Light
Noto Sans Sinhala,Noto Sans Sinhala ExtCond Med
Noto Sans Sinhala,Noto Sans Sinhala ExtCond SemBd
Noto Sans Sinhala,Noto Sans Sinhala ExtCond Thin
Noto Sans Sinhala,Noto Sans Sinhala ExtLt
Noto Sans Sinhala,Noto Sans Sinhala Light
Noto Sans Sinhala,Noto Sans Sinhala Med
Noto Sans Sinhala,Noto Sans Sinhala SemBd
Noto Sans Sinhala,Noto Sans Sinhala SemCond
Noto Sans Sinhala,Noto Sans Sinhala SemCond Blk
Noto Sans Sinhala,Noto Sans Sinhala SemCond ExtBd
Noto Sans Sinhala,Noto Sans Sinhala SemCond ExtLt
Noto Sans Sinhala,Noto Sans Sinhala SemCond Light
Noto Sans Sinhala,Noto Sans Sinhala SemCond Med
Noto Sans Sinhala,Noto Sans Sinhala SemCond SemBd
Noto Sans Sinhala,Noto Sans Sinhala SemCond Thin
Noto Sans Sinhala,Noto Sans Sinhala Thin
Noto Sans Sinhala UI
Noto Sans Sinhala UI,Noto Sans Sinhala Blk
Noto Sans Sinhala UI,Noto Sans Sinhala Cond
Noto Sans Sinhala UI,Noto Sans Sinhala Cond Blk
Noto Sans Sinhala UI,Noto Sans Sinhala Cond ExtBd
Noto Sans Sinhala UI,Noto Sans Sinhala Cond ExtLt
Noto Sans Sinhala UI,Noto Sans Sinhala Cond Light
Noto Sans Sinhala UI,Noto Sans Sinhala Cond Med
Noto Sans Sinhala UI,Noto Sans Sinhala Cond SemBd
Noto Sans Sinhala UI,Noto Sans Sinhala Cond Thin
Noto Sans Sinhala UI,Noto Sans Sinhala ExtBd
Noto Sans Sinhala UI,Noto Sans Sinhala ExtCond
Noto Sans Sinhala UI,Noto Sans Sinhala ExtCond Blk
Noto Sans Sinhala UI,Noto Sans Sinhala ExtCond ExtBd
Noto Sans Sinhala UI,Noto Sans Sinhala ExtCond ExtLt
Noto Sans Sinhala UI,Noto Sans Sinhala ExtCond Light
Noto Sans Sinhala UI,Noto Sans Sinhala ExtCond Med
Noto Sans Sinhala UI,Noto Sans Sinhala ExtCond SemBd
Noto Sans Sinhala UI,Noto Sans Sinhala ExtCond Thin
Noto Sans Sinhala UI,Noto Sans Sinhala ExtLt
Noto Sans Sinhala UI,Noto Sans Sinhala Light
Noto Sans Sinhala UI,Noto Sans Sinhala Med
Noto Sans Sinhala UI,Noto Sans Sinhala SemBd
Noto Sans Sinhala UI,Noto Sans Sinhala SemCond
Noto Sans Sinhala UI,Noto Sans Sinhala SemCond Blk
Noto Sans Sinhala UI,Noto Sans Sinhala SemCond ExtBd
Noto Sans Sinhala UI,Noto Sans Sinhala SemCond ExtLt
Noto Sans Sinhala UI,Noto Sans Sinhala SemCond Light
Noto Sans Sinhala UI,Noto Sans Sinhala SemCond Med
Noto Sans Sinhala UI,Noto Sans Sinhala SemCond SemBd
Noto Sans Sinhala UI,Noto Sans Sinhala SemCond Thin
Noto Sans Sinhala UI,Noto Sans Sinhala Thin
Noto Sans Sora Sompeng,Noto Sans SoraSomp
Noto Sans Sundanese
Noto Sans Syloti Nagri
Noto Sans Symbols
Noto Sans Symbols2
Noto Sans Symbols,Noto Sans Symbols Blk
Noto Sans Symbols,Noto Sans Symbols ExtBd
Noto Sans Symbols,Noto Sans Symbols ExtLt
Noto Sans Symbols,Noto Sans Symbols Light
Noto Sans Symbols,Noto Sans Symbols Med
Noto Sans Symbols,Noto Sans Symbols SemBd
Noto Sans Symbols,Noto Sans Symbols Thin
Noto Sans Syriac
Noto Sans Syriac Eastern
Noto Sans Syriac Estrangela
Noto Sans Syriac,Noto Sans Syriac Black
Noto Sans Syriac,Noto Sans Syriac Thin
Noto Sans Syriac Western
Noto Sans Tagalog
Noto Sans Tagbanwa
Noto Sans Tai Le
Noto Sans Tai Tham
Noto Sans Tai Viet
Noto Sans Takri
Noto Sans Tamil
Noto Sans Tamil,Noto Sans Tamil Blk
Noto Sans Tamil,Noto Sans Tamil Cond
Noto Sans Tamil,Noto Sans Tamil Cond Blk
Noto Sans Tamil,Noto Sans Tamil Cond ExtBd
Noto Sans Tamil,Noto Sans Tamil Cond ExtLt
Noto Sans Tamil,Noto Sans Tamil Cond Light
Noto Sans Tamil,Noto Sans Tamil Cond Med
Noto Sans Tamil,Noto Sans Tamil Cond SemBd
Noto Sans Tamil,Noto Sans Tamil Cond Thin
Noto Sans Tamil,Noto Sans Tamil ExtBd
Noto Sans Tamil,Noto Sans Tamil ExtCond
Noto Sans Tamil,Noto Sans Tamil ExtCond Blk
Noto Sans Tamil,Noto Sans Tamil ExtCond ExtBd
Noto Sans Tamil,Noto Sans Tamil ExtCond ExtLt
Noto Sans Tamil,Noto Sans Tamil ExtCond Light
Noto Sans Tamil,Noto Sans Tamil ExtCond Med
Noto Sans Tamil,Noto Sans Tamil ExtCond SemBd
Noto Sans Tamil,Noto Sans Tamil ExtCond Thin
Noto Sans Tamil,Noto Sans Tamil ExtLt
Noto Sans Tamil,Noto Sans Tamil Light
Noto Sans Tamil,Noto Sans Tamil Med
Noto Sans Tamil,Noto Sans Tamil SemBd
Noto Sans Tamil,Noto Sans Tamil SemCond
Noto Sans Tamil,Noto Sans Tamil SemCond Blk
Noto Sans Tamil,Noto Sans Tamil SemCond ExtBd
Noto Sans Tamil,Noto Sans Tamil SemCond ExtLt
Noto Sans Tamil,Noto Sans Tamil SemCond Light
Noto Sans Tamil,Noto Sans Tamil SemCond Med
Noto Sans Tamil,Noto Sans Tamil SemCond SemBd
Noto Sans Tamil,Noto Sans Tamil SemCond Thin
Noto Sans Tamil,Noto Sans Tamil Thin
Noto Sans Tamil UI
Noto Sans Tamil UI,Noto Sans Tamil Blk
Noto Sans Tamil UI,Noto Sans Tamil Cond
Noto Sans Tamil UI,Noto Sans Tamil Cond Blk
Noto Sans Tamil UI,Noto Sans Tamil Cond ExtBd
Noto Sans Tamil UI,Noto Sans Tamil Cond ExtLt
Noto Sans Tamil UI,Noto Sans Tamil Cond Light
Noto Sans Tamil UI,Noto Sans Tamil Cond Med
Noto Sans Tamil UI,Noto Sans Tamil Cond SemBd
Noto Sans Tamil UI,Noto Sans Tamil Cond Thin
Noto Sans Tamil UI,Noto Sans Tamil ExtBd
Noto Sans Tamil UI,Noto Sans Tamil ExtCond
Noto Sans Tamil UI,Noto Sans Tamil ExtCond Blk
Noto Sans Tamil UI,Noto Sans Tamil ExtCond ExtBd
Noto Sans Tamil UI,Noto Sans Tamil ExtCond ExtLt
Noto Sans Tamil UI,Noto Sans Tamil ExtCond Light
Noto Sans Tamil UI,Noto Sans Tamil ExtCond Med
Noto Sans Tamil UI,Noto Sans Tamil ExtCond SemBd
Noto Sans Tamil UI,Noto Sans Tamil ExtCond Thin
Noto Sans Tamil UI,Noto Sans Tamil ExtLt
Noto Sans Tamil UI,Noto Sans Tamil Light
Noto Sans Tamil UI,Noto Sans Tamil Med
Noto Sans Tamil UI,Noto Sans Tamil SemBd
Noto Sans Tamil UI,Noto Sans Tamil SemCond
Noto Sans Tamil UI,Noto Sans Tamil SemCond Blk
Noto Sans Tamil UI,Noto Sans Tamil SemCond ExtBd
Noto Sans Tamil UI,Noto Sans Tamil SemCond ExtLt
Noto Sans Tamil UI,Noto Sans Tamil SemCond Light
Noto Sans Tamil UI,Noto Sans Tamil SemCond Med
Noto Sans Tamil UI,Noto Sans Tamil SemCond SemBd
Noto Sans Tamil UI,Noto Sans Tamil SemCond Thin
Noto Sans Tamil UI,Noto Sans Tamil Thin
Noto Sans Telugu
Noto Sans Telugu UI
Noto Sans Thaana
Noto Sans Thai
Noto Sans Thai,Noto Sans Thai Blk
Noto Sans Thai,Noto Sans Thai Cond
Noto Sans Thai,Noto Sans Thai Cond Blk
Noto Sans Thai,Noto Sans Thai Cond ExtBd
Noto Sans Thai,Noto Sans Thai Cond ExtLt
Noto Sans Thai,Noto Sans Thai Cond Light
Noto Sans Thai,Noto Sans Thai Cond Med
Noto Sans Thai,Noto Sans Thai Cond SemBd
Noto Sans Thai,Noto Sans Thai Cond Thin
Noto Sans Thai,Noto Sans Thai ExtBd
Noto Sans Thai,Noto Sans Thai ExtCond
Noto Sans Thai,Noto Sans Thai ExtCond Blk
Noto Sans Thai,Noto Sans Thai ExtCond ExtBd
Noto Sans Thai,Noto Sans Thai ExtCond ExtLt
Noto Sans Thai,Noto Sans Thai ExtCond Light
Noto Sans Thai,Noto Sans Thai ExtCond Med
Noto Sans Thai,Noto Sans Thai ExtCond SemBd
Noto Sans Thai,Noto Sans Thai ExtCond Thin
Noto Sans Thai,Noto Sans Thai ExtLt
Noto Sans Thai,Noto Sans Thai Light
Noto Sans Thai,Noto Sans Thai Med
Noto Sans Thai,Noto Sans Thai SemBd
Noto Sans Thai,Noto Sans Thai SemCond
Noto Sans Thai,Noto Sans Thai SemCond Blk
Noto Sans Thai,Noto Sans Thai SemCond ExtBd
Noto Sans Thai,Noto Sans Thai SemCond ExtLt
Noto Sans Thai,Noto Sans Thai SemCond Light
Noto Sans Thai,Noto Sans Thai SemCond Med
Noto Sans Thai,Noto Sans Thai SemCond SemBd
Noto Sans Thai,Noto Sans Thai SemCond Thin
Noto Sans Thai,Noto Sans Thai Thin
Noto Sans Thai UI
Noto Sans Thai UI,Noto Sans Thai UI Blk
Noto Sans Thai UI,Noto Sans Thai UI Cond
Noto Sans Thai UI,Noto Sans Thai UI Cond Blk
Noto Sans Thai UI,Noto Sans Thai UI Cond ExtBd
Noto Sans Thai UI,Noto Sans Thai UI Cond ExtLt
Noto Sans Thai UI,Noto Sans Thai UI Cond Light
Noto Sans Thai UI,Noto Sans Thai UI Cond Med
Noto Sans Thai UI,Noto Sans Thai UI Cond SemBd
Noto Sans Thai UI,Noto Sans Thai UI Cond Thin
Noto Sans Thai UI,Noto Sans Thai UI ExtBd
Noto Sans Thai UI,Noto Sans Thai UI ExtCond
Noto Sans Thai UI,Noto Sans Thai UI ExtCond Blk
Noto Sans Thai UI,Noto Sans Thai UI ExtCond ExtBd
Noto Sans Thai UI,Noto Sans Thai UI ExtCond ExtLt
Noto Sans Thai UI,Noto Sans Thai UI ExtCond Light
Noto Sans Thai UI,Noto Sans Thai UI ExtCond Med
Noto Sans Thai UI,Noto Sans Thai UI ExtCond SemBd
Noto Sans Thai UI,Noto Sans Thai UI ExtCond Thin
Noto Sans Thai UI,Noto Sans Thai UI ExtLt
Noto Sans Thai UI,Noto Sans Thai UI Light
Noto Sans Thai UI,Noto Sans Thai UI Med
Noto Sans Thai UI,Noto Sans Thai UI SemBd
Noto Sans Thai UI,Noto Sans Thai UI SemCond
Noto Sans Thai UI,Noto Sans Thai UI SemCond Blk
Noto Sans Thai UI,Noto Sans Thai UI SemCond ExtBd
Noto Sans Thai UI,Noto Sans Thai UI SemCond ExtLt
Noto Sans Thai UI,Noto Sans Thai UI SemCond Light
Noto Sans Thai UI,Noto Sans Thai UI SemCond Med
Noto Sans Thai UI,Noto Sans Thai UI SemCond SemBd
Noto Sans Thai UI,Noto Sans Thai UI SemCond Thin
Noto Sans Thai UI,Noto Sans Thai UI Thin
Noto Sans Tibetan
Noto Sans Tifinagh
Noto Sans Tirhuta
Noto Sans Ugaritic
Noto Sans Vai
Noto Sans Warang Citi
Noto Sans Yi
Noto Serif
Noto Serif Ahom
Noto Serif Armenian
Noto Serif Armenian,Noto Serif Armenian Bk
Noto Serif Armenian,Noto Serif Armenian Cn
Noto Serif Armenian,Noto Serif Armenian Cn Bk
Noto Serif Armenian,Noto Serif Armenian Cn Lt
Noto Serif Armenian,Noto Serif Armenian Cn Md
Noto Serif Armenian,Noto Serif Armenian Cn SmBd
Noto Serif Armenian,Noto Serif Armenian Cn Th
Noto Serif Armenian,Noto Serif Armenian Cn XBd
Noto Serif Armenian,Noto Serif Armenian Cn XLt
Noto Serif Armenian,Noto Serif Armenian Lt
Noto Serif Armenian,Noto Serif Armenian Md
Noto Serif Armenian,Noto Serif Armenian SmBd
Noto Serif Armenian,Noto Serif Armenian SmCn
Noto Serif Armenian,Noto Serif Armenian SmCn Bk
Noto Serif Armenian,Noto Serif Armenian SmCn Lt
Noto Serif Armenian,Noto Serif Armenian SmCn Md
Noto Serif Armenian,Noto Serif Armenian SmCn SmBd
Noto Serif Armenian,Noto Serif Armenian SmCn Th
Noto Serif Armenian,Noto Serif Armenian SmCn XBd
Noto Serif Armenian,Noto Serif Armenian SmCn XLt
Noto Serif Armenian,Noto Serif Armenian Th
Noto Serif Armenian,Noto Serif Armenian XBd
Noto Serif Armenian,Noto Serif Armenian XCn
Noto Serif Armenian,Noto Serif Armenian XCn Bk
Noto Serif Armenian,Noto Serif Armenian XCn Lt
Noto Serif Armenian,Noto Serif Armenian XCn Md
Noto Serif Armenian,Noto Serif Armenian XCn SmBd
Noto Serif Armenian,Noto Serif Armenian XCn Th
Noto Serif Armenian,Noto Serif Armenian XCn XBd
Noto Serif Armenian,Noto Serif Armenian XCn XLt
Noto Serif Armenian,Noto Serif Armenian XLt
Noto Serif Balinese
Noto Serif Bengali
Noto Serif CJK JP
Noto Serif CJK JP,Noto Serif CJK JP Black
Noto Serif CJK JP,Noto Serif CJK JP ExtraLight
Noto Serif CJK JP,Noto Serif CJK JP Light
Noto Serif CJK JP,Noto Serif CJK JP Medium
Noto Serif CJK JP,Noto Serif CJK JP SemiBold
Noto Serif CJK KR
Noto Serif CJK KR,Noto Serif CJK KR Black
Noto Serif CJK KR,Noto Serif CJK KR ExtraLight
Noto Serif CJK KR,Noto Serif CJK KR Light
Noto Serif CJK KR,Noto Serif CJK KR Medium
Noto Serif CJK KR,Noto Serif CJK KR SemiBold
Noto Serif CJK SC
Noto Serif CJK SC,Noto Serif CJK SC Black
Noto Serif CJK SC,Noto Serif CJK SC ExtraLight
Noto Serif CJK SC,Noto Serif CJK SC Light
Noto Serif CJK SC,Noto Serif CJK SC Medium
Noto Serif CJK SC,Noto Serif CJK SC SemiBold
Noto Serif CJK TC
Noto Serif CJK TC,Noto Serif CJK TC Black
Noto Serif CJK TC,Noto Serif CJK TC ExtraLight
Noto Serif CJK TC,Noto Serif CJK TC Light
Noto Serif CJK TC,Noto Serif CJK TC Medium
Noto Serif CJK TC,Noto Serif CJK TC SemiBold
Noto Serif Devanagari
Noto Serif Display
Noto Serif Display,Noto Serif Display Black
Noto Serif Display,Noto Serif Display Condensed
Noto Serif Display,Noto Serif Display Condensed Black
Noto Serif Display,Noto Serif Display Condensed ExtraBold
Noto Serif Display,Noto Serif Display Condensed ExtraLight
Noto Serif Display,Noto Serif Display Condensed Light
Noto Serif Display,Noto Serif Display Condensed Medium
Noto Serif Display,Noto Serif Display Condensed SemiBold
Noto Serif Display,Noto Serif Display Condensed Thin
Noto Serif Display,Noto Serif Display ExtraBold
Noto Serif Display,Noto Serif Display ExtraCondensed
Noto Serif Display,Noto Serif Display ExtraCondensed Black
Noto Serif Display,Noto Serif Display ExtraCondensed ExtraBold
Noto Serif Display,Noto Serif Display ExtraCondensed ExtraLight
Noto Serif Display,Noto Serif Display ExtraCondensed Light
Noto Serif Display,Noto Serif Display ExtraCondensed Medium
Noto Serif Display,Noto Serif Display ExtraCondensed SemiBold
Noto Serif Display,Noto Serif Display ExtraCondensed Thin
Noto Serif Display,Noto Serif Display ExtraLight
Noto Serif Display,Noto Serif Display Light
Noto Serif Display,Noto Serif Display Medium
Noto Serif Display,Noto Serif Display SemiBold
Noto Serif Display,Noto Serif Display SemiCondensed
Noto Serif Display,Noto Serif Display SemiCondensed Black
Noto Serif Display,Noto Serif Display SemiCondensed ExtraBold
Noto Serif Display,Noto Serif Display SemiCondensed ExtraLight
Noto Serif Display,Noto Serif Display SemiCondensed Light
Noto Serif Display,Noto Serif Display SemiCondensed Medium
Noto Serif Display,Noto Serif Display SemiCondensed SemiBold
Noto Serif Display,Noto Serif Display SemiCondensed Thin
Noto Serif Display,Noto Serif Display Thin
Noto Serif Ethiopic
Noto Serif Ethiopic,Noto Serif Ethiopic Bk
Noto Serif Ethiopic,Noto Serif Ethiopic Cn
Noto Serif Ethiopic,Noto Serif Ethiopic Cn Bk
Noto Serif Ethiopic,Noto Serif Ethiopic Cn Lt
Noto Serif Ethiopic,Noto Serif Ethiopic Cn Md
Noto Serif Ethiopic,Noto Serif Ethiopic Cn SmBd
Noto Serif Ethiopic,Noto Serif Ethiopic Cn Th
Noto Serif Ethiopic,Noto Serif Ethiopic Cn XBd
Noto Serif Ethiopic,Noto Serif Ethiopic Cn XLt
Noto Serif Ethiopic,Noto Serif Ethiopic Lt
Noto Serif Ethiopic,Noto Serif Ethiopic Md
Noto Serif Ethiopic,Noto Serif Ethiopic SmBd
Noto Serif Ethiopic,Noto Serif Ethiopic SmCn
Noto Serif Ethiopic,Noto Serif Ethiopic SmCn Bk
Noto Serif Ethiopic,Noto Serif Ethiopic SmCn Lt
Noto Serif Ethiopic,Noto Serif Ethiopic SmCn Md
Noto Serif Ethiopic,Noto Serif Ethiopic SmCn SmBd
Noto Serif Ethiopic,Noto Serif Ethiopic SmCn Th
Noto Serif Ethiopic,Noto Serif Ethiopic SmCn XBd
Noto Serif Ethiopic,Noto Serif Ethiopic SmCn XLt
Noto Serif Ethiopic,Noto Serif Ethiopic Th
Noto Serif Ethiopic,Noto Serif Ethiopic XBd
Noto Serif Ethiopic,Noto Serif Ethiopic XCn
Noto Serif Ethiopic,Noto Serif Ethiopic XCn Bk
Noto Serif Ethiopic,Noto Serif Ethiopic XCn Lt
Noto Serif Ethiopic,Noto Serif Ethiopic XCn Md
Noto Serif Ethiopic,Noto Serif Ethiopic XCn SmBd
Noto Serif Ethiopic,Noto Serif Ethiopic XCn Th
Noto Serif Ethiopic,Noto Serif Ethiopic XCn XBd
Noto Serif Ethiopic,Noto Serif Ethiopic XCn XLt
Noto Serif Ethiopic,Noto Serif Ethiopic XLt
Noto Serif Georgian
Noto Serif Georgian,Noto Serif Georgian Bk
Noto Serif Georgian,Noto Serif Georgian Cn
Noto Serif Georgian,Noto Serif Georgian Cn Bk
Noto Serif Georgian,Noto Serif Georgian Cn Lt
Noto Serif Georgian,Noto Serif Georgian Cn Md
Noto Serif Georgian,Noto Serif Georgian Cn SmBd
Noto Serif Georgian,Noto Serif Georgian Cn Th
Noto Serif Georgian,Noto Serif Georgian Cn XBd
Noto Serif Georgian,Noto Serif Georgian Cn XLt
Noto Serif Georgian,Noto Serif Georgian Lt
Noto Serif Georgian,Noto Serif Georgian Md
Noto Serif Georgian,Noto Serif Georgian SmBd
Noto Serif Georgian,Noto Serif Georgian SmCn
Noto Serif Georgian,Noto Serif Georgian SmCn Bk
Noto Serif Georgian,Noto Serif Georgian SmCn Lt
Noto Serif Georgian,Noto Serif Georgian SmCn Md
Noto Serif Georgian,Noto Serif Georgian SmCn SmBd
Noto Serif Georgian,Noto Serif Georgian SmCn Th
Noto Serif Georgian,Noto Serif Georgian SmCn XBd
Noto Serif Georgian,Noto Serif Georgian SmCn XLt
Noto Serif Georgian,Noto Serif Georgian Th
Noto Serif Georgian,Noto Serif Georgian XBd
Noto Serif Georgian,Noto Serif Georgian XCn
Noto Serif Georgian,Noto Serif Georgian XCn Bk
Noto Serif Georgian,Noto Serif Georgian XCn Lt
Noto Serif Georgian,Noto Serif Georgian XCn Md
Noto Serif Georgian,Noto Serif Georgian XCn SmBd
Noto Serif Georgian,Noto Serif Georgian XCn Th
Noto Serif Georgian,Noto Serif Georgian XCn XBd
Noto Serif Georgian,Noto Serif Georgian XCn XLt
Noto Serif Georgian,Noto Serif Georgian XLt
Noto Serif Gujarati
Noto Serif Gujarati,Noto Serif Gujarati Black
Noto Serif Gujarati,Noto Serif Gujarati ExtraBold
Noto Serif Gujarati,Noto Serif Gujarati ExtraLight
Noto Serif Gujarati,Noto Serif Gujarati Light
Noto Serif Gujarati,Noto Serif Gujarati Medium
Noto Serif Gujarati,Noto Serif Gujarati SemiBold
Noto Serif Gujarati,Noto Serif Gujarati Thin
Noto Serif Gurmukhi
Noto Serif Gurmukhi,Noto Serif Gurmukhi Black
Noto Serif Gurmukhi,Noto Serif Gurmukhi ExtraBold
Noto Serif Gurmukhi,Noto Serif Gurmukhi ExtraLight
Noto Serif Gurmukhi,Noto Serif Gurmukhi Light
Noto Serif Gurmukhi,Noto Serif Gurmukhi Medium
Noto Serif Gurmukhi,Noto Serif Gurmukhi SemiBold
Noto Serif Gurmukhi,Noto Serif Gurmukhi Thin
Noto Serif Hebrew
Noto Serif Hebrew,Noto Serif Hebrew Blk
Noto Serif Hebrew,Noto Serif Hebrew Cond
Noto Serif Hebrew,Noto Serif Hebrew Cond Blk
Noto Serif Hebrew,Noto Serif Hebrew Cond ExtBd
Noto Serif Hebrew,Noto Serif Hebrew Cond ExtLt
Noto Serif Hebrew,Noto Serif Hebrew Cond Light
Noto Serif Hebrew,Noto Serif Hebrew Cond Med
Noto Serif Hebrew,Noto Serif Hebrew Cond SemBd
Noto Serif Hebrew,Noto Serif Hebrew Cond Thin
Noto Serif Hebrew,Noto Serif Hebrew ExtBd
Noto Serif Hebrew,Noto Serif Hebrew ExtCond
Noto Serif Hebrew,Noto Serif Hebrew ExtCond Blk
Noto Serif Hebrew,Noto Serif Hebrew ExtCond ExtBd
Noto Serif Hebrew,Noto Serif Hebrew ExtCond ExtLt
Noto Serif Hebrew,Noto Serif Hebrew ExtCond Light
Noto Serif Hebrew,Noto Serif Hebrew ExtCond Med
Noto Serif Hebrew,Noto Serif Hebrew ExtCond SemBd
Noto Serif Hebrew,Noto Serif Hebrew ExtCond Thin
Noto Serif Hebrew,Noto Serif Hebrew ExtLt
Noto Serif Hebrew,Noto Serif Hebrew Light
Noto Serif Hebrew,Noto Serif Hebrew Med
Noto Serif Hebrew,Noto Serif Hebrew SemBd
Noto Serif Hebrew,Noto Serif Hebrew SemCond
Noto Serif Hebrew,Noto Serif Hebrew SemCond Blk
Noto Serif Hebrew,Noto Serif Hebrew SemCond ExtBd
Noto Serif Hebrew,Noto Serif Hebrew SemCond ExtLt
Noto Serif Hebrew,Noto Serif Hebrew SemCond Light
Noto Serif Hebrew,Noto Serif Hebrew SemCond Med
Noto Serif Hebrew,Noto Serif Hebrew SemCond SemBd
Noto Serif Hebrew,Noto Serif Hebrew SemCond Thin
Noto Serif Hebrew,Noto Serif Hebrew Thin
Noto Serif Kannada
Noto Serif Kannada,Noto Serif Kannada Black
Noto Serif Kannada,Noto Serif Kannada ExtraBold
Noto Serif Kannada,Noto Serif Kannada ExtraLight
Noto Serif Kannada,Noto Serif Kannada Light
Noto Serif Kannada,Noto Serif Kannada Medium
Noto Serif Kannada,Noto Serif Kannada SemiBold
Noto Serif Kannada,Noto Serif Kannada Thin
Noto Serif Khmer
Noto Serif Khmer,Noto Serif Khmer Black
Noto Serif Khmer,Noto Serif Khmer Condensed
Noto Serif Khmer,Noto Serif Khmer Condensed Black
Noto Serif Khmer,Noto Serif Khmer Condensed ExtraBold
Noto Serif Khmer,Noto Serif Khmer Condensed ExtraLight
Noto Serif Khmer,Noto Serif Khmer Condensed Light
Noto Serif Khmer,Noto Serif Khmer Condensed Medium
Noto Serif Khmer,Noto Serif Khmer Condensed SemiBold
Noto Serif Khmer,Noto Serif Khmer Condensed Thin
Noto Serif Khmer,Noto Serif Khmer ExtraBold
Noto Serif Khmer,Noto Serif Khmer ExtraCondensed
Noto Serif Khmer,Noto Serif Khmer ExtraCondensed Black
Noto Serif Khmer,Noto Serif Khmer ExtraCondensed ExtraBold
Noto Serif Khmer,Noto Serif Khmer ExtraCondensed ExtraLight
Noto Serif Khmer,Noto Serif Khmer ExtraCondensed Light
Noto Serif Khmer,Noto Serif Khmer ExtraCondensed Medium
Noto Serif Khmer,Noto Serif Khmer ExtraCondensed SemiBold
Noto Serif Khmer,Noto Serif Khmer ExtraCondensed Thin
Noto Serif Khmer,Noto Serif Khmer ExtraLight
Noto Serif Khmer,Noto Serif Khmer Light
Noto Serif Khmer,Noto Serif Khmer Medium
Noto Serif Khmer,Noto Serif Khmer SemiBold
Noto Serif Khmer,Noto Serif Khmer SemiCondensed
Noto Serif Khmer,Noto Serif Khmer SemiCondensed Black
Noto Serif Khmer,Noto Serif Khmer SemiCondensed ExtraBold
Noto Serif Khmer,Noto Serif Khmer SemiCondensed ExtraLight
Noto Serif Khmer,Noto Serif Khmer SemiCondensed Light
Noto Serif Khmer,Noto Serif Khmer SemiCondensed Medium
Noto Serif Khmer,Noto Serif Khmer SemiCondensed SemiBold
Noto Serif Khmer,Noto Serif Khmer SemiCondensed Thin
Noto Serif Khmer,Noto Serif Khmer Thin
Noto Serif Lao
Noto Serif Lao,Noto Serif Lao Blk
Noto Serif Lao,Noto Serif Lao Cond
Noto Serif Lao,Noto Serif Lao Cond Blk
Noto Serif Lao,Noto Serif Lao Cond ExtBd
Noto Serif Lao,Noto Serif Lao Cond ExtLt
Noto Serif Lao,Noto Serif Lao Cond Light
Noto Serif Lao,Noto Serif Lao Cond Med
Noto Serif Lao,Noto Serif Lao Cond SemBd
Noto Serif Lao,Noto Serif Lao Cond Thin
Noto Serif Lao,Noto Serif Lao ExtBd
Noto Serif Lao,Noto Serif Lao ExtCond
Noto Serif Lao,Noto Serif Lao ExtCond Blk
Noto Serif Lao,Noto Serif Lao ExtCond ExtBd
Noto Serif Lao,Noto Serif Lao ExtCond ExtLt
Noto Serif Lao,Noto Serif Lao ExtCond Light
Noto Serif Lao,Noto Serif Lao ExtCond Med
Noto Serif Lao,Noto Serif Lao ExtCond SemBd
Noto Serif Lao,Noto Serif Lao ExtCond Thin
Noto Serif Lao,Noto Serif Lao ExtLt
Noto Serif Lao,Noto Serif Lao Light
Noto Serif Lao,Noto Serif Lao Med
Noto Serif Lao,Noto Serif Lao SemBd
Noto Serif Lao,Noto Serif Lao SemCond
Noto Serif Lao,Noto Serif Lao SemCond Blk
Noto Serif Lao,Noto Serif Lao SemCond ExtBd
Noto Serif Lao,Noto Serif Lao SemCond ExtLt
Noto Serif Lao,Noto Serif Lao SemCond Light
Noto Serif Lao,Noto Serif Lao SemCond Med
Noto Serif Lao,Noto Serif Lao SemCond SemBd
Noto Serif Lao,Noto Serif Lao SemCond Thin
Noto Serif Lao,Noto Serif Lao Thin
Noto Serif Malayalam
Noto Serif Myanmar
Noto Serif Myanmar,Noto Serif Myanmar Blk
Noto Serif Myanmar,Noto Serif Myanmar Cond
Noto Serif Myanmar,Noto Serif Myanmar Cond Blk
Noto Serif Myanmar,Noto Serif Myanmar Cond ExtBd
Noto Serif Myanmar,Noto Serif Myanmar Cond ExtLt
Noto Serif Myanmar,Noto Serif Myanmar Cond Light
Noto Serif Myanmar,Noto Serif Myanmar Cond Med
Noto Serif Myanmar,Noto Serif Myanmar Cond SemBd
Noto Serif Myanmar,Noto Serif Myanmar Cond Thin
Noto Serif Myanmar,Noto Serif Myanmar ExtBd
Noto Serif Myanmar,Noto Serif Myanmar ExtCond
Noto Serif Myanmar,Noto Serif Myanmar ExtCond Blk
Noto Serif Myanmar,Noto Serif Myanmar ExtCond ExtBd
Noto Serif Myanmar,Noto Serif Myanmar ExtCond ExtLt
Noto Serif Myanmar,Noto Serif Myanmar ExtCond Light
Noto Serif Myanmar,Noto Serif Myanmar ExtCond Med
Noto Serif Myanmar,Noto Serif Myanmar ExtCond SemBd
Noto Serif Myanmar,Noto Serif Myanmar ExtCond Thin
Noto Serif Myanmar,Noto Serif Myanmar ExtLt
Noto Serif Myanmar,Noto Serif Myanmar Light
Noto Serif Myanmar,Noto Serif Myanmar Med
Noto Serif Myanmar,Noto Serif Myanmar SemBd
Noto Serif Myanmar,Noto Serif Myanmar SemCond
Noto Serif Myanmar,Noto Serif Myanmar SemCond Blk
Noto Serif Myanmar,Noto Serif Myanmar SemCond ExtBd
Noto Serif Myanmar,Noto Serif Myanmar SemCond ExtLt
Noto Serif Myanmar,Noto Serif Myanmar SemCond Light
Noto Serif Myanmar,Noto Serif Myanmar SemCond Med
Noto Serif Myanmar,Noto Serif Myanmar SemCond SemBd
Noto Serif Myanmar,Noto Serif Myanmar SemCond Thin
Noto Serif Myanmar,Noto Serif Myanmar Thin
Noto Serif,Noto Serif Black
Noto Serif,Noto Serif Condensed
Noto Serif,Noto Serif Condensed Black
Noto Serif,Noto Serif Condensed ExtraBold
Noto Serif,Noto Serif Condensed ExtraLight
Noto Serif,Noto Serif Condensed Light
Noto Serif,Noto Serif Condensed Medium
Noto Serif,Noto Serif Condensed SemiBold
Noto Serif,Noto Serif Condensed Thin
Noto Serif,Noto Serif ExtraBold
Noto Serif,Noto Serif ExtraCondensed
Noto Serif,Noto Serif ExtraCondensed Black
Noto Serif,Noto Serif ExtraCondensed ExtraBold
Noto Serif,Noto Serif ExtraCondensed ExtraLight
Noto Serif,Noto Serif ExtraCondensed Light
Noto Serif,Noto Serif ExtraCondensed Medium
Noto Serif,Noto Serif ExtraCondensed SemiBold
Noto Serif,Noto Serif ExtraCondensed Thin
Noto Serif,Noto Serif ExtraLight
Noto Serif,Noto Serif Light
Noto Serif,Noto Serif Medium
Noto Serif,Noto Serif SemiBold
Noto Serif,Noto Serif SemiCondensed
Noto Serif,Noto Serif SemiCondensed Black
Noto Serif,Noto Serif SemiCondensed ExtraBold
Noto Serif,Noto Serif SemiCondensed ExtraLight
Noto Serif,Noto Serif SemiCondensed Light
Noto Serif,Noto Serif SemiCondensed Medium
Noto Serif,Noto Serif SemiCondensed SemiBold
Noto Serif,Noto Serif SemiCondensed Thin
Noto Serif,Noto Serif Thin
Noto Serif Sinhala
Noto Serif Sinhala,Noto Serif Sinhala Black
Noto Serif Sinhala,Noto Serif Sinhala Condensed
Noto Serif Sinhala,Noto Serif Sinhala Condensed Black
Noto Serif Sinhala,Noto Serif Sinhala Condensed ExtraBold
Noto Serif Sinhala,Noto Serif Sinhala Condensed ExtraLight
Noto Serif Sinhala,Noto Serif Sinhala Condensed Light
Noto Serif Sinhala,Noto Serif Sinhala Condensed Medium
Noto Serif Sinhala,Noto Serif Sinhala Condensed SemiBold
Noto Serif Sinhala,Noto Serif Sinhala Condensed Thin
Noto Serif Sinhala,Noto Serif Sinhala ExtraBold
Noto Serif Sinhala,Noto Serif Sinhala ExtraCondensed
Noto Serif Sinhala,Noto Serif Sinhala ExtraCondensed Black
Noto Serif Sinhala,Noto Serif Sinhala ExtraCondensed ExtraBold
Noto Serif Sinhala,Noto Serif Sinhala ExtraCondensed ExtraLight
Noto Serif Sinhala,Noto Serif Sinhala ExtraCondensed Light
Noto Serif Sinhala,Noto Serif Sinhala ExtraCondensed Medium
Noto Serif Sinhala,Noto Serif Sinhala ExtraCondensed SemiBold
Noto Serif Sinhala,Noto Serif Sinhala ExtraCondensed Thin
Noto Serif Sinhala,Noto Serif Sinhala ExtraLight
Noto Serif Sinhala,Noto Serif Sinhala Light
Noto Serif Sinhala,Noto Serif Sinhala Medium
Noto Serif Sinhala,Noto Serif Sinhala SemiBold
Noto Serif Sinhala,Noto Serif Sinhala SemiCondensed
Noto Serif Sinhala,Noto Serif Sinhala SemiCondensed Black
Noto Serif Sinhala,Noto Serif Sinhala SemiCondensed ExtraBold
Noto Serif Sinhala,Noto Serif Sinhala SemiCondensed ExtraLight
Noto Serif Sinhala,Noto Serif Sinhala SemiCondensed Light
Noto Serif Sinhala,Noto Serif Sinhala SemiCondensed Medium
Noto Serif Sinhala,Noto Serif Sinhala SemiCondensed SemiBold
Noto Serif Sinhala,Noto Serif Sinhala SemiCondensed Thin
Noto Serif Sinhala,Noto Serif Sinhala Thin
Noto Serif Tamil
Noto Serif Tamil,Noto Serif Tamil Blk
Noto Serif Tamil,Noto Serif Tamil Cond
Noto Serif Tamil,Noto Serif Tamil Cond Blk
Noto Serif Tamil,Noto Serif Tamil Cond ExtBd
Noto Serif Tamil,Noto Serif Tamil Cond ExtLt
Noto Serif Tamil,Noto Serif Tamil Cond Light
Noto Serif Tamil,Noto Serif Tamil Cond Med
Noto Serif Tamil,Noto Serif Tamil Cond SemBd
Noto Serif Tamil,Noto Serif Tamil Cond Thin
Noto Serif Tamil,Noto Serif Tamil ExtBd
Noto Serif Tamil,Noto Serif Tamil ExtCond
Noto Serif Tamil,Noto Serif Tamil ExtCond Blk
Noto Serif Tamil,Noto Serif Tamil ExtCond ExtBd
Noto Serif Tamil,Noto Serif Tamil ExtCond ExtLt
Noto Serif Tamil,Noto Serif Tamil ExtCond Light
Noto Serif Tamil,Noto Serif Tamil ExtCond Med
Noto Serif Tamil,Noto Serif Tamil ExtCond SemBd
Noto Serif Tamil,Noto Serif Tamil ExtCond Thin
Noto Serif Tamil,Noto Serif Tamil ExtLt
Noto Serif Tamil,Noto Serif Tamil Light
Noto Serif Tamil,Noto Serif Tamil Med
Noto Serif Tamil,Noto Serif Tamil SemBd
Noto Serif Tamil,Noto Serif Tamil SemCond
Noto Serif Tamil,Noto Serif Tamil SemCond Blk
Noto Serif Tamil,Noto Serif Tamil SemCond ExtBd
Noto Serif Tamil,Noto Serif Tamil SemCond ExtLt
Noto Serif Tamil,Noto Serif Tamil SemCond Light
Noto Serif Tamil,Noto Serif Tamil SemCond Med
Noto Serif Tamil,Noto Serif Tamil SemCond SemBd
Noto Serif Tamil,Noto Serif Tamil SemCond Thin
Noto Serif Tamil,Noto Serif Tamil Thin
Noto Serif Tamil Slanted
Noto Serif Tamil Slanted,NotoSerifTamilSlanted Black
Noto Serif Tamil Slanted,NotoSerifTamilSlanted Condensed
Noto Serif Tamil Slanted,NotoSerifTamilSlanted Condensed Black
Noto Serif Tamil Slanted,NotoSerifTamilSlanted Condensed ExtraBold
Noto Serif Tamil Slanted,NotoSerifTamilSlanted Condensed ExtraLight
Noto Serif Tamil Slanted,NotoSerifTamilSlanted Condensed Light
Noto Serif Tamil Slanted,NotoSerifTamilSlanted Condensed Medium
Noto Serif Tamil Slanted,NotoSerifTamilSlanted Condensed SemiBold
Noto Serif Tamil Slanted,NotoSerifTamilSlanted Condensed Thin
Noto Serif Tamil Slanted,NotoSerifTamilSlanted ExtraBold
Noto Serif Tamil Slanted,NotoSerifTamilSlanted ExtraCondensed
Noto Serif Tamil Slanted,NotoSerifTamilSlanted ExtraCondensed Black
Noto Serif Tamil Slanted,NotoSerifTamilSlanted ExtraCondensed ExtraBold
Noto Serif Tamil Slanted,NotoSerifTamilSlanted ExtraCondensed ExtraLight
Noto Serif Tamil Slanted,NotoSerifTamilSlanted ExtraCondensed Light
Noto Serif Tamil Slanted,NotoSerifTamilSlanted ExtraCondensed Medium
Noto Serif Tamil Slanted,NotoSerifTamilSlanted ExtraCondensed SemiBold
Noto Serif Tamil Slanted,NotoSerifTamilSlanted ExtraCondensed Thin
Noto Serif Tamil Slanted,NotoSerifTamilSlanted ExtraLight
Noto Serif Tamil Slanted,NotoSerifTamilSlanted Light
Noto Serif Tamil Slanted,NotoSerifTamilSlanted Medium
Noto Serif Tamil Slanted,NotoSerifTamilSlanted SemiBold
Noto Serif Tamil Slanted,NotoSerifTamilSlanted SemiCondensed
Noto Serif Tamil Slanted,NotoSerifTamilSlanted SemiCondensed Black
Noto Serif Tamil Slanted,NotoSerifTamilSlanted SemiCondensed ExtraBold
Noto Serif Tamil Slanted,NotoSerifTamilSlanted SemiCondensed ExtraLight
Noto Serif Tamil Slanted,NotoSerifTamilSlanted SemiCondensed Light
Noto Serif Tamil Slanted,NotoSerifTamilSlanted SemiCondensed Medium
Noto Serif Tamil Slanted,NotoSerifTamilSlanted SemiCondensed SemiBold
Noto Serif Tamil Slanted,NotoSerifTamilSlanted SemiCondensed Thin
Noto Serif Tamil Slanted,NotoSerifTamilSlanted Thin
Noto Serif Telugu
Noto Serif Thai
Noto Serif Thai,Noto Serif Thai Blk
Noto Serif Thai,Noto Serif Thai Cond
Noto Serif Thai,Noto Serif Thai Cond Blk
Noto Serif Thai,Noto Serif Thai Cond ExtBd
Noto Serif Thai,Noto Serif Thai Cond ExtLt
Noto Serif Thai,Noto Serif Thai Cond Light
Noto Serif Thai,Noto Serif Thai Cond Med
Noto Serif Thai,Noto Serif Thai Cond SemBd
Noto Serif Thai,Noto Serif Thai Cond Thin
Noto Serif Thai,Noto Serif Thai ExtBd
Noto Serif Thai,Noto Serif Thai ExtCond
Noto Serif Thai,Noto Serif Thai ExtCond Blk
Noto Serif Thai,Noto Serif Thai ExtCond ExtBd
Noto Serif Thai,Noto Serif Thai ExtCond ExtLt
Noto Serif Thai,Noto Serif Thai ExtCond Light
Noto Serif Thai,Noto Serif Thai ExtCond Med
Noto Serif Thai,Noto Serif Thai ExtCond SemBd
Noto Serif Thai,Noto Serif Thai ExtCond Thin
Noto Serif Thai,Noto Serif Thai ExtLt
Noto Serif Thai,Noto Serif Thai Light
Noto Serif Thai,Noto Serif Thai Med
Noto Serif Thai,Noto Serif Thai SemBd
Noto Serif Thai,Noto Serif Thai SemCond
Noto Serif Thai,Noto Serif Thai SemCond Blk
Noto Serif Thai,Noto Serif Thai SemCond ExtBd
Noto Serif Thai,Noto Serif Thai SemCond ExtLt
Noto Serif Thai,Noto Serif Thai SemCond Light
Noto Serif Thai,Noto Serif Thai SemCond Med
Noto Serif Thai,Noto Serif Thai SemCond SemBd
Noto Serif Thai,Noto Serif Thai SemCond Thin
Noto Serif Thai,Noto Serif Thai Thin
Noto Serif Tibetan
Noto Serif Tibetan,Noto Serif Tibetan Black
Noto Serif Tibetan,Noto Serif Tibetan ExtraBold
Noto Serif Tibetan,Noto Serif Tibetan ExtraLight
Noto Serif Tibetan,Noto Serif Tibetan Light
Noto Serif Tibetan,Noto Serif Tibetan Medium
Noto Serif Tibetan,Noto Serif Tibetan SemiBold
Noto Serif Tibetan,Noto Serif Tibetan Thin
OpenSymbol
Ostorah
Ouhod,Ouhod\-Bold
Padauk
Padauk Book
padmaa\-Bold.1.1,padmaa,padmmaa
padmaa,padmmaa
Petra
Pothana2000
Purisa
Quicksand
Quicksand Light
Quicksand Medium
Rachana
RaghuMalayalamSans
Rasa
Rasa,Rasa Light
Rasa,Rasa Medium
Rasa,Rasa SemiBold
Rasheeq,Rasheeq\-Bold
Rehan
Rekha
Saab
Sahadeva
Salem
Samanata
Samyak Devanagari
Samyak Gujarati
Samyak Malayalam
Samyak Tamil
Sarai
Sawasdee
Scheherazade
Shado
Sharjah
Shofar
Simple CLM
Sindbad
Stam Ashkenaz CLM
Stam Sefarad CLM
Standard Symbols L
Suruma
Tarablus
Teams
TeX Gyre Adventor
TeX Gyre Bonum
TeX Gyre Bonum Math
TeX Gyre Chorus
TeX Gyre Cursor
TeX Gyre DejaVu Math
TeX Gyre Heros
TeX Gyre Heros Cn
TeX Gyre Pagella
TeX Gyre Pagella Math
TeX Gyre Schola
TeX Gyre Schola Math
TeX Gyre Termes
TeX Gyre Termes Math
Thabit,Thabit\-Bold\-Oblique,ثابت
Thabit,Thabit\-Bold,ثابت
Thabit,Thabit\-Oblique,ثابت
Thabit,ثابت
Tholoth
Titr
Tlwg Mono
Tlwg Typewriter
Tlwg Typist
Tlwg Typo
UKIJ 3D
UKIJ Basma
UKIJ Bom
UKIJ Chechek
UKIJ Chiwer Kesme
UKIJ CJK
UKIJ Diwani
UKIJ Diwani Kawak
UKIJ Diwani Tom
UKIJ Diwani Yantu
UKIJ Ekran
UKIJ Elipbe
UKIJ Elipbe_Chekitlik
UKIJ Esliye
UKIJ Esliye Chiwer
UKIJ Esliye Neqish
UKIJ Esliye Qara
UKIJ Esliye Tom
UKIJ Imaret
UKIJ Inchike
UKIJ Jelliy
UKIJ Junun
UKIJ Kawak
UKIJ Kawak 3D
UKIJ Kesme
UKIJ Kesme Tuz
UKIJ Kufi
UKIJ Kufi 3D
UKIJ Kufi Chiwer
UKIJ Kufi Gul
UKIJ Kufi Kawak
UKIJ Kufi Tar
UKIJ Kufi Uz
UKIJ Kufi Yay
UKIJ Kufi Yolluq
UKIJ_Mac Basma
UKIJ_Mac Ekran
UKIJ Mejnun
UKIJ Mejnuntal
UKIJ Merdane
UKIJ Moy Qelem
UKIJ Nasq
UKIJ Nasq Zilwa
UKIJ Orqun Basma
UKIJ Orqun Yazma
UKIJ Orxun\-Yensey
UKIJ Qara
UKIJ Qolyazma
UKIJ Qolyazma Tez
UKIJ Qolyazma Tuz
UKIJ Qolyazma Yantu
UKIJ Ruqi
UKIJ Saet
UKIJ Sulus
UKIJ Sulus Tom
UKIJ Teng
UKIJ Tiken
UKIJ Title
UKIJ Tor
UKIJ Tughra
UKIJ Tuz
UKIJ Tuz Basma
UKIJ Tuz Gezit
UKIJ Tuz Kitab
UKIJ Tuz Neqish
UKIJ Tuz Qara
UKIJ Tuz Tom
UKIJ Tuz Tor
UKIJ Zilwa
Umpush
UnBatang,은 바탕
UnDinaru,은 디나루
UnDotum,은 돋움
UnGraphic,은 그래픽
UnGungseo,은 궁서
Unifont
Unifont CSUR
Unifont Upper
Unikurd Web
UnJamoBatang,은 자모 바탕
UnJamoDotum,은 자모 돋움
UnJamoNovel,은 자모 노벨
UnJamoSora,은 자모 소라
UnPen,은 펜
UnPenheulim,은 펜흘림
UnPilgi,은 필기
UnPilgia,은 필기a
UnShinmun,은 신문
UnTaza,은 타자
UnVada,은 바다
UnYetgul,은 옛글
Uroob
URW Bookman L
URW Chancery L
URW Gothic L
URW Palladio L
Utopia
Vemana2000
VL Gothic,VL ゴシック
VL PGothic,VL Pゴシック
Waree
Yehuda CLM
Yrsa
Yrsa,Yrsa Light
Yrsa,Yrsa Medium
Yrsa,Yrsa SemiBold
